調價日期,無鉛汽油92,無鉛汽油95,無鉛汽油98,超級/高級柴油,二行程無鉛,煤油,甲種漁船油(KL),乙種漁船油(KL),低硫燃料油(0.5%)(KL),甲種低硫燃料油/低硫鍋爐油(0.5%)(KL),特種低硫燃料油(KL),低硫鍋爐油(1%)(KL)
2020/6/30,,,,,,26.7,,,,,,
2020/6/29,22,23.5,25.5,19.4,,,12193,8278,,,,
2020/6/23,,,,,,26.2,,,,,,
2020/6/22,21.7,23.2,25.2,19.1,,,11893,7978,,,,
2020/6/16,,,,,,25.9,,,,,,
2020/6/15,21.4,22.9,24.9,18.8,,,11593,7678,,,,
2020/6/9,,,,,,25.4,,,,,,
2020/6/8,20.6,22.1,24.1,18,,,10793,6878,,,,
2020/6/6,,,,,,,,,15063,15063,15914,
2020/6/2,,,,,,24.6,,,,,,
2020/6/1,19.9,21.4,23.4,17.4,,,10193,6278,,,,
2020/5/26,,,,,,23.9,,,,,,
2020/5/25,19.6,21.1,23.1,17.1,,,9893,5978,,,,
2020/5/19,,,,,,21.9,,,,,,
2020/5/18,19.1,20.6,22.6,16.3,,,9093,5178,,,,
2020/5/13,,,,,,19.4,,,,,,
2020/5/12,,,,,,17.4,,,,,,
2020/5/11,18.2,19.7,21.7,15.4,,,8193,4278,,,,
2020/5/6,,,,,,,,,17219,17219,17446,
2020/5/4,16.2,17.7,19.7,13.2,,,5993,2078,,,,
2020/4/28,,,,,,18.4,,,,,,
2020/4/27,16.1,17.6,19.6,13,,,5793,,,,,
2020/4/21,,,,,,19.4,,,,,,
2020/4/20,17,18.5,20.5,14,,,6793,1878,,,,
2020/4/14,,,,,,19.7,,,,,,
2020/4/13,17.9,19.4,21.4,15,,,7793,2878,,,,
2020/4/7,,,,,,20.2,,,,,,
2020/4/6,17.3,18.8,20.8,14.4,,,7193,2278,18118,18118,18620,
2020/4/1,,,,,,,,,,,20600,
2020/3/31,,,,,,21.4,,,,,,
2020/3/30,18.2,19.7,21.7,15.4,,,8193,3278,,,,
2020/3/24,,,,,,23.4,,,,,,
2020/3/23,19,20.5,22.5,16.2,,,8993,4078,,,,
2020/3/17,,,,,,24.9,,,,,,
2020/3/16,20.3,21.8,23.8,17.7,,,10493,5578,,,,
2020/3/10,,,,,,27.9,,,,,,
2020/3/9,24.1,25.6,27.6,21.7,,,14493,9578,,,,
2020/3/6,,,,,,,,,17428,17726,,
2020/3/3,,,,,,28.9,,,,,,
2020/3/2,24.7,26.2,28.2,22.4,,,15193,10278,,,,
2020/2/26,,,,,,30.7,,,,,,
2020/2/24,25.5,27,29,23.3,,,16093,11178,,,,
2020/2/17,,,,22.6,,,15393,10478,,,,
2020/2/11,,,,,,30.2,,,,,,
2020/2/10,24.9,26.4,28.4,22.7,,,15493,10578,,,,
2020/2/6,,,,,,,,,16568,17246,,
2020/2/5,,,,,,32.2,,,,,,
2020/2/3,25.9,27.4,29.4,23.7,,,16493,11578,,,,
2020/1/27,26.8,28.3,30.3,24.7,,,17493,12578,,,,
2020/1/22,,,,,,35.1,,,,,,
2020/1/20,27.1,28.6,30.6,25,,,17793,12878,,,,
2020/1/15,,,,,,37.1,,,,,,
2020/1/13,27.8,29.3,31.3,25.7,,,18493,13578,,,,
2020/1/6,,,,25.6,,,18393,13478,15812,16606,,
2019/12/30,27.7,29.2,31.2,25.7,,,18493,13578,,,,
2019/12/24,,,,,,37.6,,,,,,
2019/12/23,27.6,29.1,31.1,25.6,,,18393,13478,,,,
2019/12/17,,,,,,37.2,,,,,,
2019/12/16,27.3,28.8,30.8,25.2,,,17993,13078,,,,
2019/12/10,,,,,,36.3,,,,,,
2019/12/9,26.9,28.4,30.4,24.8,,,17593,12678,,,,
2019/12/6,,,,,,,,,16030,16705,,
2019/12/3,,,,,,36.9,,,,,,
2019/12/2,27.1,28.6,30.6,25,,,17793,12878,,,,
2019/11/25,26.9,28.4,30.4,24.7,,,17493,12578,,,,
2019/11/19,,,,,,36.3,,,,,,
2019/11/18,26.8,28.3,30.3,24.6,,,17393,12478,,,,
2019/11/11,26.6,28.1,30.1,24.4,,,17193,12278,,,,
2019/11/6,,,,,,,,,16151,16795,,
2019/10/28,26.4,27.9,29.9,24.2,,,16993,12078,,,,
2019/10/22,,,,,,36.7,,,,,,
2019/10/21,26.3,27.8,29.8,24.1,,,16893,11978,,,,
2019/10/15,,,,,,37.1,,,,,,
2019/10/14,26.2,27.7,29.7,24,,,16793,11878,,,,
2019/10/8,,,,,,37.7,,,,,,
2019/10/7,26.3,27.8,29.8,24.1,,,16893,11978,,,,
2019/10/6,,,,,,,,,16391,17067,,
2019/10/2,,,,,,38.9,,,,,,
2019/9/30,27.1,28.6,30.6,25,,,17793,12878,,,,
2019/9/24,,,,,,40,,,,,,
2019/9/23,27.3,28.8,30.8,25.5,,,18293,13378,,,,
2019/9/17,,,,,,38.5,,,,,,
2019/9/16,26.8,28.3,30.3,24.6,,,17393,12478,,,,
2019/9/9,26.3,27.8,29.8,24.2,,,16993,12078,,,,
2019/9/6,,,,,,,,,16510,17221,,
2019/9/2,26.5,28,30,24.3,,,17093,12178,,,,
2019/8/26,26.6,28.1,30.1,24.4,,,17193,12278,,,,
2019/8/20,,,,,,37.4,,,,,,
2019/8/19,,,,24.2,,,16993,12078,,,,
2019/8/13,,,,,,37.1,,,,,,
2019/8/12,26.3,27.8,29.8,24.1,,,16893,11978,,,,
2019/8/6,,,,,,,,,16778,17657,,
2019/7/29,27.2,28.7,30.7,25.1,,,17893,12978,,,,
2019/7/23,,,,,,39.3,,,,,,
2019/7/22,27.3,28.8,30.8,25.2,,,17993,13078,,,,
2019/7/16,,,,,,39.6,,,,,,
2019/7/15,27.6,29.1,31.1,25.6,,,18393,13478,,,,
2019/7/9,,,,,,38.7,,,,,,
2019/7/8,27.2,28.7,30.7,25.1,,,17893,12978,,,,
2019/7/6,,,,,,,,,16707,17727,,
2019/7/2,,,,,,39,,,,,,
2019/7/1,27.6,29.1,31.1,25.5,,,18293,13378,,,,
2019/6/25,,,,,,37.5,,,,,,
2019/6/24,27.2,28.7,30.7,25.1,,,17893,12978,,,,
2019/6/17,27,28.5,30.5,24.9,,,17693,12778,,,,
2019/6/12,,,,,,37.1,,,,,,
2019/6/10,26.9,28.4,30.4,24.8,,,17593,12678,,,,
2019/6/6,,,,,,,,,16401,17546,,
2019/6/4,,,,,,39.5,,,,,,
2019/6/3,28.3,29.8,31.8,26.3,,,19093,14178,,,,
2019/5/28,,,,,,40.5,,,,,,
2019/5/27,28.8,30.3,32.3,26.8,,,19593,14678,,,,
2019/5/21,,,,,,40.8,,,,,,
2019/5/20,28.9,30.4,32.4,27,,,19793,14878,,,,
2019/5/14,,,,,,39.9,,,,,,
2019/5/13,28.6,30.1,32.1,26.6,,,19393,14478,,,,
2019/5/7,,,,,,40.2,,,,,,
2019/5/6,28.8,30.3,32.3,26.8,,,19593,14678,15924,17007,,
2019/4/30,,,,,,41,,,,,,
2019/4/29,28.6,30.1,32.1,27.3,,,20093,15178,,,,
2019/4/22,28.5,30,32,26.8,,,19593,14678,,,,
2019/4/16,,,,,,40.2,,,,,,
2019/4/15,27.9,29.4,31.4,26.7,,,19493,14578,,,,
2019/4/8,27.7,29.2,31.2,26.3,,,19093,14178,,,,
2019/4/6,,,,,,,,,16114,16827,,
2019/4/1,27.5,29,31,25.9,,,18693,13778,,,,
2019/3/25,27.3,28.8,30.8,26,,,18793,13878,,,,
2019/3/18,26.8,28.3,30.3,25.9,,,18693,13778,,,,
2019/3/6,,,,,,,,,16674,17028,,
2019/3/4,26.5,28,30,,,,,,,,,
2019/2/26,,,,,,39.6,,,,,,
2019/2/25,,,,25.5,,,18293,13378,,,,
2019/2/19,,,,,,37.9,,,,,,
2019/2/18,26.3,27.8,29.8,25.1,,,17893,12978,,,,
2019/2/13,,,,,,36.7,,,,,,
2019/2/11,,,,24.7,,,17493,12578,17325,17656,,
2019/1/21,26.4,27.9,29.9,24.2,,,16993,12078,,,,
2019/1/15,,,,,,36.4,,,,,,
2019/1/14,26.1,27.6,29.6,23.9,,,16693,11778,,,,
2019/1/8,,,,,,33.7,,,,,,
2019/1/7,25,26.5,28.5,22.7,,,15493,10578,,,,
2019/1/6,,,,,,,,,17585,18397,,
2019/1/3,,,,,,33.1,,,,,,
2018/12/31,24.5,26,28,22.2,,,14993,10078,,,,
2018/12/25,,,,,,35.3,,,,,,
2018/12/24,25.4,26.9,28.9,23.2,,,15993,11078,,,,
2018/12/17,26.3,27.8,29.8,24.1,,,16893,11978,,,,
2018/12/11,,,,,,37.2,,,,,,
2018/12/10,26.4,27.9,29.9,24.2,,,16993,12078,,,,
2018/12/6,,,,,,,,,17367,18646,,
2018/12/4,,,,,,37.9,,,,,,
2018/12/3,26.2,27.7,29.7,24,,,16793,11878,,,,
2018/11/27,,,,,,40.5,,,,,,
2018/11/26,26.9,28.4,30.4,24.9,,,17693,12778,,,,
2018/11/20,,,,,,42.7,,,,,,
2018/11/19,27.8,29.3,31.3,25.7,,,18493,13578,,,,
2018/11/14,,,,,,43.4,,,,,,
2018/11/12,28.5,30,32,26.5,,,19293,14378,,,,
2018/11/7,,,,,,45.6,,,,,,
2018/11/6,,,,,,,,,17059,18457,,
2018/11/5,29.2,30.7,32.7,27.3,,,20093,15178,,,,
2018/10/31,,,,,,46.3,,,,,,
2018/10/29,29.5,31,33,27.7,,,20493,15578,,,,
2018/10/24,,,,,,46.8,,,,,,
2018/10/22,29.9,31.4,33.4,28.1,,,20893,15978,,,,
2018/10/10,,,,,,47.9,,,,,,
2018/10/6,,,,,,,,,16734,18045,,
2018/10/3,,,,,,46.3,,,,,,
2018/10/1,30,31.5,33.5,28.2,,,20993,16078,,,,
2018/9/17,29.5,31,33,27.7,,,20493,15578,,,,
2018/9/12,,,,,,45.3,,,,,,
2018/9/10,29.3,30.8,32.8,27.5,,,20293,15378,,,,
2018/9/6,,,,,,,,,16825,18019,,
2018/9/5,,,,,,44.6,,,,,,
2018/9/3,29.2,30.7,32.7,27.3,,,20093,15178,,,,
2018/9/1,,,,,,,,,,,,
2018/8/30,,,,,,43.4,,,,,,
2018/8/27,28.8,30.3,32.3,26.8,,,19593,14678,,,,
2018/8/22,,,,,,43.1,,,,,,
2018/8/20,28.5,30,32,26.5,,,19293,14378,,,,
2018/8/13,28.6,30.1,32.1,26.7,,,19493,14578,,,,
2018/8/6,,,,26.8,,,19593,14678,16330,17666,,
2018/8/1,,,,,,43.5,,,,,,
2018/7/30,28.8,30.3,32.3,26.9,,,19693,14778,,,,
2018/7/25,,,,,,42.5,,,,,,
2018/7/23,28.5,30,32,26.5,,,19293,14378,,,,
2018/7/16,28.9,30.4,32.4,27,,,19793,14878,,,,
2018/7/11,,,,,,44,,,,,,
2018/7/9,29.1,30.6,32.6,27.3,,,20093,15178,,,,
2018/7/6,,,,,,,,,16064,17280,,
2018/7/4,,,,,,43.1,,,,,,
2018/7/2,28.9,30.4,32.4,27,,,19793,14878,,,,
2018/6/27,,,,,,42.1,,,,,,
2018/6/25,28.5,30,32,26.6,,,19393,14478,,,,
2018/6/18,28.7,30.2,32.2,26.8,,,19593,14678,,,,
2018/6/13,,,,,,42.9,,,,,,
2018/6/11,28.6,30.1,32.1,26.7,,,19493,14578,,,,
2018/6/6,,,,,,43.2,,,15377,16513,,
2018/6/4,28.8,30.3,32.3,26.9,,,19693,14778,,,,
2018/5/30,,,,,,44.3,,,,,,
2018/5/28,29.2,30.7,32.7,27.3,,,20093,15178,,,,
2018/5/23,,,,,,43.9,,,,,,
2018/5/21,29,30.5,32.5,27.1,,,19893,14978,,,,
2018/5/16,,,,,,43,,,,,,
2018/5/14,28.7,30.2,32.2,26.7,,,19493,14578,,,,
2018/5/9,,,,,,41.8,,,,,,
2018/5/7,28.1,29.6,31.6,,,,,,,,,
2018/5/6,,,,,,,,,15260,16191,,
2018/5/3,,,,,,42.1,,,,,,
2018/4/30,28.2,29.7,31.7,26.1,,,18893,13978,,,,
2018/4/25,,,,,,41,,,,,,
2018/4/23,27.8,29.3,31.3,25.7,,,18493,13578,,,,
2018/4/18,,,,,,40.2,,,,,,
2018/4/16,27.3,28.8,30.8,25.2,,,17993,13078,,,,
2018/4/9,26.7,28.2,30.2,24.6,,,17393,12478,,,,
2018/4/6,,,,,,,,,14715,15796,,
2018/4/4,,,,,,39.1,,,,,,
2018/4/2,26.8,28.3,30.3,24.7,,,17493,12578,,,,
2018/3/28,,,,,,37.9,,,,,,
2018/3/26,26.6,28.1,30.1,24.4,,,17193,12278,,,,
2018/3/21,,,,,,36.7,,,,,,
2018/3/19,26,27.5,29.5,23.8,,,16593,11678,,,,
2018/3/14,,,,,,37.4,,,,,,
2018/3/12,26.1,27.6,29.6,23.9,,,16693,11778,,,,
2018/3/7,,,,,,38.9,,,,,,
2018/3/6,,,,,,,,,14376,15562,,
2018/3/5,26.3,27.8,29.8,24.1,,,16893,11978,,,,
2018/2/28,,,,,,38,,,,,,
2018/2/26,26.2,27.7,29.7,24,,,16793,11878,,,,
2018/2/22,,,,,,37.4,,,,,,
2018/2/19,25.8,27.3,29.3,23.6,,,16393,11478,,,,
2018/2/14,,,,,,38.9,,,,,,
2018/2/12,26.4,27.9,29.9,24.3,,,17093,12178,,,,
2018/2/6,,,,,,,,,13913,15182,,
2018/2/5,27,28.5,30.5,24.9,,,17693,12778,,,,
2018/1/24,,,,,,40.1,,,,,,
2018/1/22,27.2,28.7,30.7,,,,,,,,,
2018/1/17,,,,,,39.8,,,,,,
2018/1/15,27.1,28.6,30.6,25.1,,,17893,12978,,,,
2018/1/10,,,,,,39.5,,,,,,
2018/1/8,26.9,28.4,30.4,24.8,,,17593,12678,,,,
2018/1/6,,,,,,,,,13538,14706,,
2018/1/3,,,,,,39.2,,,,,,
2018/1/1,26.7,28.2,30.2,24.6,,,17393,12478,,,,
2017/12/27,,,,,,38.3,,,,,,
2017/12/25,26.4,27.9,29.9,24.2,,,16993,12078,,,,
2017/12/20,,,,,,38,,,,,,
2017/12/18,26.3,27.8,29.8,24.1,,,16893,11978,,,,
2017/12/13,,,,,,37.7,,,,,,
2017/12/11,26.1,27.6,29.6,23.9,,,16693,11778,,,,
2017/12/6,,,,,,,,,12812,13993,,
2017/12/4,,,,24.1,,,16893,11978,,,,
2017/11/29,,,,,,38.6,,,,,,
2017/11/27,26.2,27.7,29.7,24,,,16793,11878,,,,
2017/11/22,,,,,,38,,,,,,
2017/11/20,26.1,27.6,29.6,23.9,,,16693,11778,,,,
2017/11/15,,,,,,38.6,,,,,,
2017/11/13,26.4,27.9,29.9,24.3,,,17093,12178,,,,
2017/11/8,,,,,,37.1,,,,,,
2017/11/6,25.8,27.3,29.3,23.6,,,16393,11478,12056,13239,,
2017/11/1,,,,,,35.9,,,,,,
2017/10/30,25.3,26.8,28.8,23,,,15793,10878,,,,
2017/10/25,,,,,,35.3,,,,,,
2017/10/23,25.1,26.6,28.6,22.9,,,15693,10778,,,,
2017/10/16,,,,22.6,,,15393,10478,,,,
2017/10/12,,,,,,34.4,,,,,,
2017/10/9,24.9,26.4,28.4,22.7,,,15493,10578,,,,
2017/10/6,,,,,,,,,11655,12751,,
2017/10/4,,,,,,35.3,,,,,,
2017/10/2,25.2,26.7,28.7,23,,,15793,10878,,,,
2017/9/27,,,,,,34.4,,,,,,
2017/9/25,24.8,26.3,28.3,22.6,,,15393,10478,,,,
2017/9/18,24.5,26,28,22.2,,,14993,10078,,,,
2017/9/13,,,,,,33.5,,,,,,
2017/9/11,24.3,25.8,27.8,22,,,14793,9878,,,,
2017/9/6,,,,,,32,,,11718,12687,,
2017/9/4,23.9,25.4,27.4,21.5,,,14293,9378,,,,
2017/8/30,,,,,,31.1,,,,,,
2017/8/28,23.8,25.3,27.3,21.4,,,14193,9278,,,,
2017/8/23,,,,,,30.5,,,,,,
2017/8/21,23.6,25.1,27.1,21.2,,,13993,9078,,,,
2017/8/9,,,,,,31.1,,,,,,
2017/8/7,23.9,25.4,27.4,21.5,,,14293,9378,,,,
2017/8/6,,,,,,,,,12180,12999,,
2017/8/2,,,,,,29.6,,,,,,
2017/7/31,23.4,24.9,26.9,21,,,13793,8878,,,,
2017/7/26,,,,,,29,,,,,,
2017/7/24,23.2,24.7,26.7,20.8,,,13593,8678,,,,
2017/7/19,,,,,,28.1,,,,,,
2017/7/17,22.9,24.4,26.4,20.4,,,13193,8278,,,,
2017/7/12,,,,,,29,,,,,,
2017/7/10,23.2,24.7,26.7,20.8,,,13593,8678,,,,
2017/7/6,,,,,,,,,12755,13529,,
2017/7/5,,,,,,28.4,,,,,,
2017/7/3,22.8,24.3,26.3,20.3,,,13093,8178,,,,
2017/6/28,,,,,,27.2,,,,,,
2017/6/26,22.5,24,26,20,,,12793,7878,,,,
2017/6/21,,,,,,27.8,,,,,,
2017/6/19,22.8,24.3,26.3,20.3,,,13093,8178,,,,
2017/6/14,,,,,,28.4,,,,,,
2017/6/12,23,24.5,26.5,20.6,,,13393,8478,,,,
2017/6/7,,,,,,28.7,,,,,,
2017/6/6,,,,,,,,,12901,13765,,
2017/6/5,23.5,25,27,21.1,,,13893,8978,,,,
2017/6/1,,,,,,29.9,,,,,,
2017/5/29,24.1,25.6,27.6,21.7,,,14493,9578,,,,
2017/5/24,,,,,,29,,,,,,
2017/5/22,23.9,25.4,27.4,21.5,,,14293,9378,,,,
2017/5/10,,,,,,28.1,,,,,,
2017/5/8,23.4,24.9,26.9,20.9,,,13693,8778,,,,
2017/5/6,,,,,,,,,13148,14075,,
2017/5/3,,,,,,29.3,,,,,,
2017/5/1,23.7,25.2,27.2,21.3,,,14093,9178,,,,
2017/4/26,,,,,,31.1,,,,,,
2017/4/24,24.2,25.7,27.7,21.8,,,14593,9678,,,,
2017/4/19,,,,,,32.2,,,,,,
2017/4/17,24.7,26.2,28.2,22.4,,,15193,10278,,,,
2017/4/12,,,,,,31.7,,,,,,
2017/4/10,24.3,25.8,27.8,22,,,14793,9878,,,,
2017/4/6,,,,,,31.4,,,13224,14230,,
2017/4/3,23.7,25.2,27.2,21.3,,,14093,9178,,,,
2017/3/29,,,,,,31.1,,,,,,
2017/3/27,23.6,25.1,27.1,21.2,,,13993,9078,,,,
2017/3/22,,,,,,31.7,,,,,,
2017/3/20,23.8,25.3,27.3,21.5,,,14293,9378,,,,
2017/3/15,,,,,,33.8,,,,,,
2017/3/13,24.6,26.1,28.1,22.2,,,14993,10078,,,,
2017/3/8,,,,,,35,,,,,,
2017/3/6,,,,,,,,,13325,14294,,
2017/2/27,24.9,26.4,28.4,22.6,,,15393,10478,,,,
2017/2/20,24.8,26.3,28.3,22.5,,,15293,10378,,,,
2017/2/13,24.9,26.4,28.4,22.6,,,15393,10478,,,,
2017/2/8,,,,,,35.9,,,,,,
2017/2/6,25,26.5,28.5,22.7,,,15493,10578,12892,13785,,
2017/1/23,24.9,26.4,28.4,22.6,,,15393,10478,,,,
2017/1/18,,,,,,35.3,,,,,,
2017/1/16,25,26.5,28.5,22.7,,,15493,10578,,,,
2017/1/9,,,,23.1,,,15893,10978,,,,
2017/1/6,,,,,,,,,12461,13314,,
2017/1/4,,,,,,35.9,,,,,,
2017/1/2,25.3,26.8,28.8,23,,,15793,10878,,,,
2016/12/21,,,,,,35.3,,,,,,
2016/12/19,24.9,26.4,28.4,22.6,,,15393,10478,,,,
2016/12/14,,,,,,34.4,,,,,,
2016/12/12,24.6,26.1,28.1,22.2,,,14993,10078,,,,
2016/12/6,,,,,,,,,12147,12933,,
2016/12/5,23.6,25.1,27.1,21.2,,,13993,9078,,,,
2016/11/30,,,,,,32,,,,,,
2016/11/28,23.3,24.8,26.8,20.9,,,13693,8778,,,,
2016/11/21,22.6,24.1,26.1,20.1,,,12893,7978,,,,
2016/11/16,,,,,,29.9,,,,,,
2016/11/14,22.5,24,26,20,,,12793,7878,,,,
2016/11/9,,,,,,31.1,,,,,,
2016/11/7,22.8,24.3,26.3,20.4,,,13193,8278,,,,
2016/11/6,,,,,,,,,11927,12719,,
2016/11/2,,,,,,34.1,,,,,,
2016/10/31,23.8,25.3,27.3,21.4,,,14193,9278,,,,
2016/10/24,,,,21.6,,,14393,9478,,,,
2016/10/19,,,,,,35.3,,,,,,
2016/10/17,24,25.5,27.5,21.7,,,14493,9578,,,,
2016/10/12,,,,,,34.4,,,,,,
2016/10/10,23.8,25.3,27.3,21.4,,,14193,9278,,,,
2016/10/6,,,,,,,,,12229,12866,,
2016/10/5,,,,,,32.3,,,,,,
2016/10/3,22.7,24.2,26.2,20.2,,,12993,8078,,,,
2016/9/26,22.6,24.1,26.1,20.1,,,12893,7978,,,,
2016/9/20,,,,,,31.4,,,,,,
2016/9/19,22.7,24.2,26.2,20.2,,,12993,8078,,,,
2016/9/7,,,,,,32.3,,,,,,
2016/9/6,,,,,,,,,12178,12911,,
2016/9/5,22.9,24.4,26.4,20.4,,,13193,8278,,,,
2016/8/29,23.4,24.9,26.9,20.9,,,13693,8778,,,,
2016/8/24,,,,,,33.2,,,,,,
2016/8/22,23.3,24.8,26.8,20.8,,,13593,8678,,,,
2016/8/17,,,,,,30.5,,,,,,
2016/8/15,22.2,23.7,25.7,19.7,,,12493,7578,,,,
2016/8/10,,,,,,29.3,,,,,,
2016/8/8,21.8,23.3,25.3,19.2,,,11993,7078,,,,
2016/8/6,,,,,,,,,12191,12975,,
2016/8/3,,,,,,30.8,,,,,,
2016/8/1,22.1,23.6,25.6,19.5,,,12293,7378,,,,
2016/7/27,,,,,,32.3,,,,,,
2016/7/25,,,,20.1,,,12893,7978,,,,
2016/7/20,,,,,,32.9,,,,,,
2016/7/18,22.7,24.2,26.2,20.2,,,12993,8078,,,,
2016/7/11,23.1,24.6,26.6,20.6,,,13393,8478,,,,
2016/7/6,,,,,,,,,11503,12333,,
2016/7/4,23.4,24.9,26.9,20.9,,,13693,8778,,,,
2016/6/27,23.6,25.1,27.1,21.1,,,13893,8978,,,,
2016/6/22,,,,,,33.4,,,,,,
2016/6/20,23.4,24.9,26.9,21,,,13793,8878,,,,
2016/6/13,23.9,25.4,27.4,21.5,,,14293,9378,,,,
2016/6/6,,,,21.2,,,13993,9078,10795,11534,,
2016/6/1,,,,,,34.9,,,,,,
2016/5/30,,,,21.1,,,13893,8978,,,,
2016/5/25,,,,,,34.4,,,,,,
2016/5/23,23.6,25.1,27.1,21.2,,,13993,9078,,,,
2016/5/16,22.9,24.4,26.4,20.4,,,13193,8278,,,,
2016/5/11,,,,,,32.6,,,,,,
2016/5/6,,,,,,,,,10110,10689,,
2016/5/4,,,,,,33.2,,,,,,
2016/5/2,22.6,24.1,26.1,20.1,,,12893,7978,,,,
2016/4/25,22.1,23.6,25.6,19.5,,,12293,7378,,,,
2016/4/20,,,,,,31.1,,,,,,
2016/4/18,22,23.5,25.5,19.4,,,12193,7278,,,,
2016/4/11,20.9,22.4,24.4,18.3,,,11093,6178,,,,
2016/4/6,,,,,,,,,10729,10908,,
2016/4/4,21.1,22.6,24.6,18.4,,,11193,6278,,,,
2016/4/1,,,,,,,,,,,,
2016/3/28,21.4,22.9,24.9,18.8,,,11593,6678,,,,
2016/3/23,,,,,,29,,,,,,
2016/3/21,21.2,22.7,24.7,,,,,,,,,
2016/3/16,,,,,,28.7,,,,,,
2016/3/14,21.3,22.8,24.8,18.6,,,11393,6478,,,,
2016/3/9,,,,,,26.3,,,,,,
2016/3/7,20.4,21.9,23.9,17.7,,,10493,5578,,,,
2016/3/6,,,,,,,,,12261,12261,,
2016/3/2,,,,,,24.5,,,,,,
2016/2/29,,,,17.2,,,9993,5078,,,,
2016/2/24,,,,,,24.8,,,,,,
2016/2/22,19.9,21.4,23.4,17.1,,,9893,4978,,,,
2016/2/17,,,,,,23.3,,,,,,
2016/2/15,19,20.5,22.5,16.2,,,8993,4078,,,,
2016/2/8,19.9,21.4,23.4,17.1,,,9893,4978,,,,
2016/2/6,,,,,,,,,13252,13252,,
2016/2/3,,,,,,22.1,,,,,,
2016/2/1,19.3,20.8,22.8,16.5,,,9293,4378,,,,
2016/1/27,,,,,,20.1,,,,,,
2016/1/25,18.3,19.8,21.8,15.5,,,8293,3378,,,,
2016/1/20,,,,,,20.6,,,,,,
2016/1/18,18.4,19.9,21.9,15.9,,,8693,3778,,,,
2016/1/13,,,,,,21.6,,,,,,
2016/1/11,19.5,21,23,17,,,9793,4878,,,,
2016/1/6,,,,,,22.1,,,13732,13856,,
2015/12/30,,,,,,22.6,,,,,,
2015/12/28,19.9,21.4,23.4,17.4,,,10193,5278,,,,
2015/12/23,,,,,,22.7,,,,,,
2015/12/21,20.1,21.6,23.6,17.6,,,10393,5478,,,,
2015/12/16,,,,,,23.4,,,,,,
2015/12/14,20.8,22.3,24.3,18.4,,,11193,6278,,,,
2015/12/9,,,,,,25,,,,,,
2015/12/7,21.6,23.1,25.1,19.3,,,12093,7178,,,,
2015/12/6,,,,,,,,,13834,13999,,
2015/11/30,21.7,23.2,25.2,19.5,,,12293,7378,,,,
2015/11/25,,,,,,25.6,,,,,,
2015/11/23,21.5,23,25,19.2,,,11993,7078,,,,
2015/11/18,,,,,,26.6,,,,,,
2015/11/16,22.2,23.7,25.7,20,,,12793,7878,,,,
2015/11/11,,,,,,27.4,,,,,,
2015/11/9,22.8,24.3,26.3,20.6,,,13393,8478,,,,
2015/11/6,,,,,,,,,13889,14289,,
2015/10/28,,,,,,26.5,,,,,,
2015/10/26,22.6,24.1,26.1,20.4,,,13193,8278,,,,
2015/10/21,,,,,,27,,,,,,
2015/10/19,23.2,24.7,26.7,21.1,,,13893,8978,,,,
2015/10/12,23.6,25.1,27.1,21.5,,,14293,9378,,,,
2015/10/6,,,,,,,,,14348,14561,,
2015/9/28,22.8,24.3,26.3,20.6,,,13393,8478,,,,
2015/9/21,22.7,24.2,26.2,20.5,,,13293,8378,,,,
2015/9/14,23.1,24.6,26.6,20.9,,,13693,8778,,,,
2015/9/9,,,,,,27.5,,,,,,
2015/9/7,23.4,24.9,26.9,21.3,,,14093,9178,,,,
2015/9/6,,,,,,,,,14821,15091,,
2015/9/2,,,,,,27,,,,,,
2015/8/31,22.4,23.9,25.9,20.1,,,12893,7978,,,,
2015/8/24,23.1,24.6,26.6,20.9,,,13693,8778,,,,
2015/8/17,23.4,24.9,26.9,21.3,,,14093,9178,,,,
2015/8/12,,,,,,26,,,,,,
2015/8/10,23.3,24.8,26.8,21.2,,,13993,9078,,,,
2015/8/6,,,,,,,,,15087,15770,,
2015/8/5,,,,,,27,,,,,,
2015/8/3,24.1,25.6,27.6,22,,,14793,9878,,,,
2015/7/29,,,,,,28,,,,,,
2015/7/27,24.5,26,28,22.4,,,15193,10278,,,,
2015/7/22,,,,,,28.5,,,,,,
2015/7/15,,,,,,29,,,,,,
2015/7/13,24.7,26.2,28.2,22.7,,,15493,10578,,,,
2015/7/6,25.5,27,29,23.6,,,16393,11478,15343,16188,,
2015/7/1,,,,,,30,,,,,,
2015/6/29,25.6,27.1,29.1,23.7,,,16493,11578,,,,
2015/6/22,25.7,27.2,29.2,23.8,,,16593,11678,,,,
2015/6/17,,,,,,30.5,,,,,,
2015/6/15,25.9,27.4,29.4,24.1,,,16893,11978,,,,
2015/6/10,,,,,,30,,,,,,
2015/6/8,25.7,27.2,29.2,23.8,,,16593,11678,,,,
2015/6/6,,,,,,,,,,16748,,
2015/6/3,,,,,,30.5,,,,,,
2015/6/1,25.6,27.1,29.1,23.6,,,16393,11478,,,,
2015/5/25,25.9,27.4,29.4,24,,,16793,11878,,,,
2015/5/18,26.1,27.6,29.6,24.2,,,16993,12078,,,,
2015/5/13,,,,,,32,,,,,,
2015/5/11,26.3,27.8,29.8,24.4,,,17193,12278,,,,
2015/5/6,,,,,,31.5,,,15426,16679,,
2015/5/4,25.7,27.2,29.2,23.8,,,16593,11678,,,,
2015/4/29,,,,,,31,,,,,,
2015/4/27,25.5,27,29,23.6,,,16393,11478,,,,
2015/4/22,,,,,,30.5,,,,,,
2015/4/20,25.2,26.7,28.7,23.2,,,15993,11078,,,,
2015/4/13,24.4,25.9,27.9,22.4,,,15193,10278,,,,
2015/4/6,24.1,25.6,27.6,22.1,,,14893,9978,15744,17084,,
2015/4/1,,,,,,29.5,,,,,,
2015/3/30,24.2,25.7,27.7,22.2,,,14993,10078,,,,
2015/3/25,,,,,,29,,,,,,
2015/3/23,23.7,25.2,27.2,21.7,,,14493,9578,,,,
2015/3/18,,,,,,30,,,,,,
2015/3/16,24.5,26,28,22.6,,,15393,10478,,,,
2015/3/9,25.2,26.7,28.7,23.3,,,16093,11178,,,,
2015/3/6,,,,,,,,,16192,17140,,
2015/3/2,25,26.5,28.5,23.1,,,15893,10978,,,,
2015/2/23,25.3,26.8,28.8,23.4,,,16193,11278,,,,
2015/2/17,,,,,,30.5,,,,,,
2015/2/16,24.5,26,28,22.5,,,15293,10378,,,,
2015/2/11,,,,,,29.5,,,,,,
2015/2/9,24,25.5,27.5,21.9,,,14693,9778,,,,
2015/2/6,,,,,,,,,17280,17677,,
2015/2/4,,,,,,28.5,,,,,,
2015/2/2,22.1,23.6,25.6,,,,,,,,,
2015/1/28,,,,,,28,,,,,,
2015/1/26,22.2,23.7,25.7,19.9,,,12693,7778,,,,
2015/1/21,,,,,,27.5,,,,,,
2015/1/19,22.1,23.6,25.6,19.8,,,12593,7678,,,,
2015/1/14,,,,,,28,,,,,,
2015/1/12,23.1,24.6,26.6,20.9,,,13693,8778,,,,
2015/1/7,,,,,,29,,,,,,
2015/1/6,,,,,,,,,19018,19913,,
2015/1/5,24.3,25.8,27.8,22.3,,,15093,10178,,,,
2014/12/29,25,26.5,28.5,23,,,15793,10878,,,,
2014/12/24,,,,,,29.5,,,,,,
2014/12/22,24.9,26.4,28.4,22.9,,,15693,10778,,,,
2014/12/17,,,,,,30.5,,,,,,
2014/12/15,25.9,27.4,29.4,24,,,16793,11878,,,,
2014/12/10,,,,,,32.5,,,,,,
2014/12/8,26.9,28.4,30.4,25.1,,,17893,12978,,,,
2014/12/6,,,,,,,,,20010,21532,,
2014/12/3,,,,,,34.5,,,,,,
2014/12/1,28.1,29.6,31.6,26.4,,,19193,14278,,,,
2014/11/24,28.3,29.8,31.8,26.7,,,19493,14578,,,,
2014/11/19,,,,,,35.5,,,,,,
2014/11/17,28.7,30.2,32.2,27.1,,,19893,14978,,,,
2014/11/10,29.2,30.7,32.7,27.7,,,20493,15578,,,,
2014/11/6,,,,,,,,,20837,22663,,
2014/11/3,,,,28.4,,,21193,16278,,,,
2014/10/27,29.8,31.3,33.3,28.3,,,21093,16178,,,,
2014/10/22,,,,,,36,,,,,,
2014/10/20,30,31.5,33.5,28.5,,,21293,16378,,,,
2014/10/15,,,,,,36.5,,,,,,
2014/10/13,30.9,32.4,34.4,29.5,,,22293,17378,,,,
2014/10/8,,,,,,37.4,,,,,,
2014/10/6,31.5,33,35,30.2,,,22993,18078,,,,
2014/10/1,,,,,,37.9,,,,,,
2014/9/29,31.7,33.2,35.2,30.4,,,23193,18278,,,,
2014/9/24,,,,,,38.3,,,,,,
2014/9/22,31.9,33.4,35.4,30.6,,,23393,18478,,,,
2014/9/17,,,,,,38.8,,,,,,
2014/9/15,32,33.5,35.5,30.7,,,23493,18578,,,,
2014/9/8,32.5,34,36,31.3,,,24093,19178,,,,
2014/9/3,,,,,,39.5,,,,,,
2014/9/1,32.7,34.2,36.2,31.4,,,24193,19278,,,,
2014/8/27,,,,,,40,,,,,,
2014/8/25,32.5,34,36,31.3,,,24093,19178,,,,
2014/8/20,,,,,,40.5,,,,,,
2014/8/18,32.8,34.3,36.3,31.6,,,24393,19478,,,,
2014/8/11,33.1,34.6,36.6,32,,,24793,19878,,,,
2014/8/4,33.4,34.9,36.9,32.3,,,25093,20178,,,,
2014/8/2,,,,,,,,,20993,22834,,
2014/7/28,33.5,35,37,32.4,,,25193,20278,,,,
2014/7/21,33.4,34.9,36.9,32.2,,,24993,20078,,,,
2014/7/16,,,,,,41,,,,,,
2014/7/14,33.6,35.1,37.1,32.5,,,25293,20378,,,,
2014/7/9,,,,,,41.5,,,,,,
2014/7/7,34,35.5,37.5,33,,,25793,20878,,,,
2014/7/2,,,,,,,,,21618,23334,,
2014/6/30,34.4,35.9,37.9,33.4,,,26193,21278,,,,
2014/6/25,,,,,,42.5,,,,,,
2014/6/23,34.5,36,38,33.5,,,26293,21378,,,,
2014/6/18,,,,,,41.5,,,,,,
2014/6/16,33.9,35.4,37.4,32.8,,,25593,20678,,,,
2014/6/9,33.7,35.2,37.2,32.5,,,25293,20378,,,,
2014/6/4,,,,,,39,,,,,,
2014/6/2,33.9,35.4,37.4,32.8,,,25593,20678,21268,23012,,
2014/5/26,34,35.5,37.5,32.9,,,25693,20778,,,,
2014/5/19,33.8,35.3,37.3,32.7,,,25493,20578,,,,
2014/5/12,33.5,35,37,32.4,,,25193,20278,,,,
2014/5/7,,,,,,41,,,,,,
2014/5/5,33.7,35.2,37.2,32.6,,,25393,20478,,,,
2014/5/2,,,,,,,,,21021,22779,,
2014/4/28,33.9,35.4,37.4,32.8,,,25593,20678,,,,
2014/4/23,,,,,,41.5,,,,,,
2014/4/21,33.8,35.3,37.3,32.7,,,25493,20578,,,,
2014/4/7,33.4,34.9,36.9,32.2,,,24993,20078,,,,
2014/4/2,,,,,,41,,,21408,23104,,
2014/3/31,33.7,35.2,37.2,32.6,,,25393,20478,,,,
2014/3/26,,,,,,40.7,,,,,,
2014/3/24,,,,32.4,,,25193,20278,,,,
2014/3/19,,,,,,41,,,,,,
2014/3/17,33.6,35.1,37.1,32.5,,,25293,20378,,,,
2014/3/12,,,,,,41.5,,,,,,
2014/3/10,,,,32.7,,,25493,20578,,,,
2014/3/3,33.9,35.4,37.4,,,,,,,,,
2014/3/2,,,,,,,,,21646,23259,,
2014/2/26,,,,,,42,,,,,,
2014/2/24,34,35.5,37.5,32.9,,,25693,20778,,,,
2014/2/17,33.8,35.3,37.3,32.7,,,25493,20578,,,,
2014/2/10,33.4,34.9,36.9,32.3,,,25093,20178,,,,
2014/2/7,,,,,,,,,21590,23222,,
2014/1/27,33.7,35.2,37.2,32.6,,,25393,20478,,,,
2014/1/20,33.4,34.9,36.9,32.2,,,24993,20078,,,,
2014/1/15,,,,,,41,,,,,,
2014/1/13,33.5,35,37,32.4,,,25193,20278,,,,
2014/1/8,,,,,,41.6,,,,,,
2014/1/6,33.9,35.4,37.4,32.8,,,25593,20678,,,,
2014/1/2,,,,,,,,,21328,23076,,
2014/1/1,,,,,,42.3,,,,,,
2013/12/30,34.3,35.8,37.8,33.2,,,25993,21078,,,,
2013/12/25,,,,,,41.8,,,,,,
2013/12/23,33.8,35.3,37.3,32.7,,,25493,20578,,,,
2013/12/18,,,,,,42,,,,,,
2013/12/16,33.6,35.1,37.1,32.5,,,25293,20378,,,,
2013/12/11,,,,,,42.5,,,,,,
2013/12/9,,,,32.9,,,25693,20778,,,,
2013/12/4,,,,,,42,,,,,,
2013/12/2,33.9,35.4,37.4,32.8,,,25593,20678,20852,22539,,
2013/11/25,33.5,35,37,32.3,,,25093,20178,,,,
2013/11/18,33.2,34.7,36.7,32,,,24793,19878,,,,
2013/11/13,,,,,,41.5,,,,,,
2013/11/11,32.9,34.4,36.4,31.7,,,24493,19578,,,,
2013/11/2,,,,,,,,,21168,22842,,
2013/10/30,,,,,,42,,,,,,
2013/10/28,33.4,34.9,36.9,32.2,,,24993,20078,,,,
2013/10/23,,,,,,42.5,,,,,,
2013/10/16,,,,,,42,,,,,,
2013/10/14,33.6,35.1,37.1,32.4,,,25193,20278,,,,
2013/10/7,33.3,34.8,36.8,32.2,,,24993,20078,,,,
2013/10/2,,,,,,41.5,,,21162,23108,,
2013/9/30,33.5,35,37,32.4,,,25193,20278,,,,
2013/9/25,,,,,,42,,,,,,
2013/9/23,33.9,35.4,37.4,32.8,,,25593,20678,,,,
2013/9/18,,,,,,42.5,,,,,,
2013/9/16,34.2,35.7,37.7,33.2,,,25993,21078,,,,
2013/9/9,34.5,36,38,33.5,,,26293,21378,,,,
2013/9/4,,,,,,43,,,,,,
2013/9/2,34.7,36.2,38.2,33.6,,,26393,21478,21202,22928,,
2013/8/26,34,35.5,37.5,32.9,,,25693,20778,,,,
2013/8/21,,,,,,42,,,,,,
2013/8/19,33.8,35.3,37.3,32.7,,,25493,20578,,,,
2013/8/12,33.5,35,37,32.3,,,25093,20178,,,,
2013/8/5,33.6,35.1,37.1,,,,,,,,,
2013/8/2,,,,,,,,,21158,22720,,
2013/7/22,33.5,35,37,32.4,,,25193,20278,,,,
2013/7/17,,,,,,41.5,,,,,,
2013/7/15,33.4,34.9,36.9,32.2,,,24993,20078,,,,
2013/7/10,,,,,,41,,,,,,
2013/7/8,32.9,34.4,36.4,31.7,,,24493,19578,,,,
2013/7/3,,,,,,40.5,,,,,,
2013/7/2,,,,,,,,,21780,23005,,
2013/7/1,32.5,34,36,31.3,,,24093,19178,,,,
2013/6/24,33,34.5,36.5,31.8,,,24593,19678,,,,
2013/6/19,,,,,,41,,,,,,
2013/6/17,32.8,34.3,36.3,31.5,,,24293,19378,,,,
2013/6/10,,,,31.2,,,23993,19078,,,,
2013/6/3,32.5,34,36,31.3,,,24093,19178,,,,
2013/6/2,,,,,,,,,21102,22462,,
2013/5/20,,,,31.4,,,24193,19278,,,,
2013/5/15,,,,,,40.5,,,,,,
2013/5/13,32.6,34.1,36.1,31.3,,,24093,19178,,,,
2013/5/2,,,,,,,,,21438,22863,,
2013/4/29,32.3,33.8,35.8,31,,,23793,18878,,,,
2013/4/24,,,,,,40,,,,,,
2013/4/22,32,33.5,35.5,30.7,,,23493,18578,,,,
2013/4/17,,,,,,40.5,,,,,,
2013/4/15,33,34.5,36.5,31.8,,,24593,19678,,,,
2013/4/8,33.6,35.1,37.1,,,,,,,,,
2013/4/2,,,,,,,,,22079,23539,,
2013/4/1,33.5,35,37,32.4,,,25193,20278,,,,
2013/3/25,33.3,34.8,36.8,32.2,,,24993,20078,,,,
2013/3/18,33.4,34.9,36.9,32.3,,,25093,20178,,,,
2013/3/13,,,,,,41.5,,,,,,
2013/3/11,33.5,35,37,32.4,,,25193,20278,,,,
2013/3/6,,,,,,42,,,,,,
2013/3/4,33.9,35.4,37.4,32.8,,,25593,20678,,,,
2013/3/2,,,,,,,,,22479,24078,,
2013/2/27,,,,,,43,,,,,,
2013/2/25,34.5,36,38,33.5,,,26293,21378,,,,
2013/2/20,,,,,,44,,,,,,
2013/2/18,34.9,36.4,38.4,33.8,,,26593,21678,,,,
2013/2/11,34.6,36.1,38.1,33.6,,,26393,21478,,,,
2013/2/6,,,,,,42.5,,,,,,
2013/2/4,34.2,35.7,37.7,33.1,,,25893,20978,,,,
2013/2/2,,,,,,,,,21518,23066,,
2013/1/28,33.6,35.1,37.1,32.5,,,25293,20378,,,,
2013/1/21,33.3,34.8,36.8,32.2,,,24993,20078,,,,
2013/1/7,33.5,35,37,32.3,,,25093,20178,,,,
2013/1/2,,,,,,,,,20748,22465,,
2012/12/31,33.3,34.8,36.8,32.1,,,24893,19978,,,,
2012/12/26,,,,,,41.5,,,,,,
2012/12/24,33.2,34.7,36.7,32,,,24793,19878,,,,
2012/12/19,,,,,,41,,,,,,
2012/12/17,32.9,34.4,36.4,31.8,,,24593,19678,,,,
2012/12/10,33.2,34.7,36.7,32,,,24793,19878,,,,
2012/12/3,33.5,35,37,32.3,,,25093,20178,,,,
2012/12/2,,,,,,,,,20874,22559,,
2012/11/26,33.6,35.1,37.1,32.4,,,25193,20278,,,,
2012/11/19,33.2,34.7,36.7,32,,,24793,19878,,,,
2012/11/14,,,,,,42,,,,,,
2012/11/12,33,34.5,36.5,31.8,,,24593,19678,,,,
2012/11/5,33.3,34.8,36.8,32.1,,,24893,19978,,,,
2012/11/2,,,,,,,,,22193,23676,,
2012/10/31,,,,,,42.5,,,,,,
2012/10/29,33.4,34.9,36.9,32.2,,,24993,20078,,,,
2012/10/22,34,35.5,37.5,32.9,,,25693,20778,,,,
2012/10/15,34.1,35.6,37.6,33,,,25793,20878,,,,
2012/10/2,,,,,,,,,23569,24858,,
2012/10/1,33.7,35.2,37.2,32.6,,,25393,20478,,,,
2012/9/26,,,,,,43,,,,,,
2012/9/24,34,35.5,37.5,32.9,,,25693,20778,,,,
2012/9/17,34.8,36.3,38.3,33.8,,,26593,21678,,,,
2012/9/10,34.7,36.2,38.2,33.6,,,26393,21478,,,,
2012/9/3,34.5,36,38,33.4,,,26193,21278,,,,
2012/9/2,,,,,,,,,23472,24566,,
2012/8/27,34.8,36.3,38.3,33.8,,,26593,21678,,,,
2012/8/22,,,,,,43.5,,,,,,
2012/8/20,34.5,36,38,33.4,,,26193,21278,,,,
2012/8/15,,,,,,42.5,,,,,,
2012/8/13,33.9,35.4,37.4,32.8,,,25593,20678,,,,
2012/8/8,,,,,,41.5,,,,,,
2012/8/6,33.1,34.6,36.6,31.9,,,24693,19778,,,,
2012/8/2,,,,,,,,,21708,22704,,
2012/7/30,32.8,34.3,36.3,31.6,,,24393,19478,,,,
2012/7/25,,,,,,41,,,,,,
2012/7/23,32.9,34.4,36.4,31.7,,,24493,19578,,,,
2012/7/16,32,33.5,35.5,30.7,,,23493,18578,,,,
2012/7/11,,,,,,40,,,,,,
2012/7/9,31.8,33.3,35.3,30.5,,,23293,18378,,,,
2012/7/2,30.8,32.3,34.3,29.4,,,22193,17278,20823,22032,,
2012/6/27,,,,,,39,,,,,,
2012/6/25,31,32.5,34.5,29.6,,,22393,17478,,,,
2012/6/18,31.4,32.9,34.9,30.3,,,23093,18178,,,,
2012/6/13,,,,,,39.5,,,,,,
2012/6/11,31.5,33,35,30.4,,,23193,18278,,,,
2012/6/6,,,,,,40,,,,,,
2012/6/4,32,33.5,35.5,31,,,23793,18878,,,,
2012/6/2,,,,,,,,,22259,23452,,
2012/5/28,32.2,33.7,35.7,31.2,,,23993,19078,,,,
2012/5/21,32.5,34,36,31.5,,,24293,19378,,,,
2012/5/16,,,,,,41,,,,,,
2012/5/14,32.6,34.1,36.1,31.7,,,24493,19578,,,,
2012/5/7,33.1,34.6,36.6,32.2,,,24993,20078,,,,
2012/5/2,,,,,,,,,23200,24371,,
2012/4/30,33.2,34.7,36.7,32.3,,,25093,20178,,,,
2012/4/23,33.3,34.8,36.8,32.4,,,25193,20278,,,,
2012/4/18,,,,,,42,,,,,,
2012/4/16,33.6,35.1,37.1,32.7,,,25493,20578,,,,
2012/4/9,33.9,35.4,37.4,33,,,25793,20878,,,,
2012/4/2,34,35.5,37.5,33.1,,,25893,20978,23527,23757,,
2012/3/26,31.7,32.4,33.9,29.9,,,22693,17778,,,,
2012/3/19,31.8,32.5,34,30,,,22793,17878,,,,
2012/3/12,31.7,32.4,33.9,29.9,,,22693,17778,,,,
2012/3/5,31.6,32.3,33.8,29.8,,,22593,17678,,,,
2012/3/2,,,,,,,,,21087,21812,,
2012/3/1,,,,,,43,,,,,,
2012/2/27,31.5,32.2,33.7,29.7,,,22493,17578,,,,
2012/2/22,,,,,,42,,,,,,
2012/2/20,31.2,31.9,33.4,29.4,,,22193,17278,,,,
2012/2/13,31,31.7,33.2,29.1,,,21893,16978,,,,
2012/2/6,,,,28.7,,,21493,16578,,,,
2012/2/2,,,,,,,,,21131,21758,,
2012/1/2,,,,,,,,,20313,21244,,
2011/12/21,,,,,,41.5,,,,,,
2011/12/19,30.6,31.3,32.8,28.8,,,21593,16678,,,,
2011/12/12,30.9,31.6,33.1,29.1,,,21893,16978,,,,
2011/12/5,31,31.7,33.2,29.2,,,21993,17078,,,,
2011/12/2,,,,,,,,,20653,21562,,
2011/11/28,30.9,31.6,33.1,29.1,,,21893,16978,,,,
2011/11/21,31.2,31.9,33.4,29.4,,,22193,17278,,,,
2011/11/16,,,,,,42.5,,,,,,
2011/11/14,31.3,32,33.5,29.5,,,22293,17378,,,,
2011/11/7,30.9,31.6,33.1,29,,,21793,16878,,,,
2011/11/2,,,,,,,,,20121,21102,,
2011/10/26,,,,,,42,,,,,,
2011/10/24,31.1,31.8,33.3,29.2,,,21993,17078,,,,
2011/10/17,31,31.7,33.2,29.1,,,21893,16978,,,,
2011/10/10,30.6,31.3,32.8,28.6,,,21393,16478,,,,
2011/10/3,30.9,31.6,33.1,28.9,,,21693,16778,,,,
2011/10/2,,,,,,,,,19859,20975,,
2011/9/7,,,,,,41,,,,,,
2011/9/5,31.2,31.9,33.4,29.2,,,21993,17078,,,,
2011/9/2,,,,,,,,,19539,20714,,
2011/8/29,30.9,31.6,33.1,28.9,,,21693,16778,,,,
2011/8/22,30.8,31.5,33,28.8,,,21593,16678,,,,
2011/8/15,30.6,31.3,32.8,28.6,,,21393,16478,,,,
2011/8/10,,,,,,40.5,,,,,,
2011/8/8,31.2,31.9,33.4,29.2,,,21993,17078,,,,
2011/8/2,,,,,,,,,19765,20946,,
2011/7/27,,,,,,41.5,,,,,,
2011/7/25,,,,29.6,,,22393,17478,,,,
2011/7/18,31.5,32.2,33.7,29.5,,,22293,17378,,,,
2011/7/13,,,,,,41,,,,,,
2011/7/11,31.2,31.9,33.4,29.2,,,21993,17078,,,,
2011/7/4,30.9,31.6,33.1,28.9,,,21693,16778,,,,
2011/7/2,,,,,,,,,19572,20867,,
2011/6/29,,,,,,40,,,,,,
2011/6/27,31.1,31.8,33.3,29.1,,,21893,16978,,,,
2011/6/13,31.6,32.3,33.8,29.6,,,22393,17478,,,,
2011/6/6,31.5,32.2,33.7,29.5,,,22293,17378,,,,
2011/6/2,,,,,,,,,19391,20836,,
2011/5/30,,,,29.4,,,22193,17278,,,,
2011/5/23,31.4,32.1,33.6,29.3,,,22093,17178,,,,
2011/5/18,,,,,,41.5,,,,,,
2011/5/16,31.5,32.2,33.7,29.5,,,22293,17378,,,,
2011/5/11,,,,,,42.5,,,,,,
2011/5/9,31.9,32.6,34.1,29.9,,,22693,17778,,,,
2011/5/2,32.5,33.2,34.7,30.5,,,23293,18378,20050,21445,,
2011/4/25,32.4,33.1,34.6,30.4,,,23193,18278,,,,
2011/4/18,32.5,33.2,34.7,30.5,,,23293,18378,,,,
2011/4/13,,,,,,43.5,,,,,,
2011/4/11,32.4,33.1,34.6,30.4,,,23193,18278,,,,
2011/4/7,,,,,,43,,,,,,
2011/4/4,32,32.7,34.2,,,,,,,,,
2011/4/2,,,,,,,,,19605,21015,,
2011/3/28,32.1,32.8,34.3,30,,,22793,17878,,,,
2011/3/21,31.9,32.6,34.1,29.8,,,22593,17678,,,,
2011/3/9,,,,,,42.5,,,,,,
2011/3/7,32.1,32.8,34.3,30,,,22793,17878,,,,
2011/3/2,,,,,,42,,,18953,20205,,
2011/2/28,31.8,32.5,34,29.7,,,22493,17578,,,,
2011/2/23,,,,,,40,,,,,,
2011/2/21,31.1,31.8,33.3,28.9,,,21693,16778,,,,
2011/2/16,,,,,,39.5,,,,,,
2011/1/31,30.8,31.5,33,28.6,,,21393,16478,,,,
2011/1/17,31,31.7,33.2,28.8,,,21593,16678,,,,
2011/1/10,30.9,31.6,33.1,28.7,,,21493,16578,,,,
2011/1/2,,,,,,,,,18248,19541,,
2010/12/27,30.8,31.5,33,28.6,,,21393,16478,,,,
2010/12/20,30.6,31.3,32.8,28.4,,,21193,16278,,,,
2010/12/15,,,,,,39,,,,,,
2010/12/13,30.5,31.2,32.7,28.3,,,21093,16178,,,,
2010/12/8,,,,,,38.5,,,,,,
2010/12/6,30.1,30.8,32.3,27.9,,,20693,15778,,,,
2010/12/2,,,,,,,,,17778,19044,,
2010/11/29,29.8,30.5,32,27.5,,,20293,15378,,,,
2010/11/24,,,,,,37.5,,,,,,
2010/11/22,29.9,30.6,32.1,27.6,,,20393,15478,,,,
2010/11/17,,,,,,38,,,,,,
2010/11/15,30.3,31,32.5,28.1,,,20893,15978,,,,
2010/11/10,,,,,,37.5,,,,,,
2010/11/8,29.8,30.5,32,27.6,,,20393,15478,,,,
2010/11/2,,,,,,,,,17201,18479,,
2010/11/1,29.4,30.1,31.6,27.1,,,19893,14978,,,,
2010/10/27,,,,,,37,,,,,,
2010/10/25,29.3,30,31.5,27,,,19793,14878,,,,
2010/10/18,29.6,30.3,31.8,27.3,,,20093,15178,,,,
2010/10/11,29.7,30.4,31.9,27.4,,,20193,15278,,,,
2010/10/6,,,,,,37.5,,,,,,
2010/10/4,,,,26.7,,,19493,14578,,,,
2010/10/2,,,,,,,,,16575,17803,,
2010/9/27,29,29.7,31.2,26.6,,,19393,14478,,,,
2010/9/15,,,,,,37,,,,,,
2010/9/13,28.8,29.5,31,26.4,,,19193,14278,,,,
2010/9/6,28.6,29.3,30.8,26.2,,,18993,14078,,,,
2010/9/2,,,,,,,,,16943,18135,,
2010/8/30,28.2,28.9,30.4,25.7,,,18493,13578,,,,
2010/8/23,28.5,29.2,30.7,26.1,,,18893,13978,,,,
2010/8/18,,,,,,36.5,,,,,,
2010/8/16,29,29.7,31.2,26.6,,,19393,14478,,,,
2010/8/11,,,,,,37.5,,,,,,
2010/8/9,29.6,30.3,31.8,27.2,,,19993,15078,,,,
2010/8/2,28.8,29.5,31,26.4,,,19193,14278,16758,17907,,
2010/7/19,28.7,29.4,30.9,26.3,,,19093,14178,,,,
2010/7/14,,,,,,36.5,,,,,,
2010/7/12,28.2,28.9,30.4,25.7,,,18493,13578,,,,
2010/7/7,,,,,,35.5,,,,,,
2010/7/5,28.6,29.3,30.8,26.2,,,18993,14078,,,,
2010/7/2,,,,,,,,,16473,17705,,
2010/6/28,,,,26.6,,,19393,14478,,,,
2010/6/23,,,,,,36.5,,,,,,
2010/6/21,29,29.7,31.2,26.7,,,19493,14578,,,,
2010/6/14,28.5,29.2,30.7,26.1,,,18893,13978,,,,
2010/6/7,28.6,29.3,30.8,26.2,,,18993,14078,,,,
2010/6/2,,,,,,,,,17181,18493,,
2010/5/31,27.9,28.6,30.1,25.4,,,18193,13278,,,,
2010/5/26,,,,,,35.5,,,,,,
2010/5/24,28.4,29.1,30.6,25.9,,,18693,13778,,,,
2010/5/19,,,,,,37,,,,,,
2010/5/17,29.5,30.2,31.7,27.3,,,20093,15178,,,,
2010/5/10,29.8,30.5,32,27.6,,,20393,15478,,,,
2010/5/3,30,30.7,32.2,27.8,,,20593,15678,,,,
2010/5/2,,,,,,,,,17808,18935,,
2010/4/21,,,,,,38,,,,,,
2010/4/19,29.8,30.5,32,,,,,,,,,
2010/4/12,29.7,30.4,31.9,27.5,,,20293,15378,,,,
2010/4/5,29,29.7,31.2,26.6,,,19393,14478,,,,
2010/4/2,,,,,,,,,16727,17875,,
2010/3/15,28.7,29.4,30.9,26.3,,,19093,14178,,,,
2010/3/10,,,,,,37,,,,,,
2010/3/8,28.5,29.2,30.7,26.1,,,18893,13978,,,,
2010/3/2,,,,,,,,,16503,17625,,
2010/3/1,28.1,28.8,30.3,25.7,,,18493,13578,,,,
2010/2/13,27.9,28.6,30.1,25.5,,,18293,13378,,,,
2010/2/10,28.6,29.3,30.8,26.1,,,18893,13978,,,,
2010/2/9,29,29.7,31.2,26.5,,,19293,14378,,,,
2010/2/8,29.1,29.8,31.3,26.6,,,19393,14478,,,,
2010/2/2,,,,,,,,,16535,18114,,
2010/2/1,28.8,29.5,31,26.3,,,19093,14178,,,,
2010/1/25,29.5,30.2,31.7,27,,,19793,14878,,,,
2010/1/11,30.1,30.8,32.3,27.7,,,20493,15578,,,,
2010/1/2,30,30.7,32.2,27.6,,,20393,15478,16257,17832,,
2009/12/26,29.2,29.9,31.4,26.8,,,19593,14678,,,,
2009/12/19,29.1,29.8,31.3,26.6,,,19393,14478,,,,
2009/12/16,,,,,,36.5,,,,,,
2009/12/12,29.8,30.5,32,27.4,,,20193,15278,,,,
2009/12/5,30.3,31,32.5,27.9,,,20693,15778,,,,
2009/12/2,,,,,,,,,16443,18031,,
2009/11/28,30,30.7,32.2,27.6,,,20393,15478,,,,
2009/11/21,30.1,30.8,32.3,27.7,,,20493,15578,,,,
2009/11/14,30.2,30.9,32.4,27.8,,,20593,15678,,,,
2009/11/7,30.1,30.8,32.3,27.6,,,20393,15478,,,,
2009/11/2,,,,,,,,,15316,16767,,
2009/10/31,29.5,30.2,31.7,26.6,,,19393,14478,,,,
2009/10/28,,,,,,37,,,,,,
2009/10/24,29.7,30.4,31.9,26.7,,,19493,14578,,,,
2009/10/21,,,,,,35.5,,,,,,
2009/10/17,28.8,29.5,31,26.3,,,19093,14178,,,,
2009/10/14,,,,,,34,,,,,,
2009/10/10,28.1,28.8,30.3,25.5,,,18293,13378,,,,
2009/10/7,,,,,,33.5,,,,,,
2009/10/3,27.6,28.3,29.8,25,,,17793,12878,,,,
2009/10/2,,,,,,,,,14903,16496,,
2009/9/26,,,,25.7,,,18493,13578,,,,
2009/9/12,28.3,29,30.5,25.8,,,18593,13678,,,,
2009/9/9,,,,,,34.5,,,,,,
2009/9/5,28.6,29.3,30.8,26.1,,,18893,13978,,,,
2009/9/2,,,,,,,,,15039,16574,,
2009/8/29,29,29.7,31.2,26.5,,,19293,14378,,,,
2009/8/22,28.7,29.4,30.9,26.2,,,18993,14078,,,,
2009/8/12,,,,,,35.5,,,,,,
2009/8/5,,,,,,34.5,,,,,,
2009/8/2,,,,,,,,,14653,16065,,
2009/8/1,28.3,29,30.5,25.7,,,18493,13578,,,,
2009/7/29,,,,,,34,,,,,,
2009/7/25,27.6,28.3,29.8,25,,,17793,12878,,,,
2009/7/18,27,27.7,29.2,24.3,,,17093,12178,,,,
2009/7/15,,,,,,33,,,,,,
2009/7/11,27.4,28.1,29.6,24.8,,,17593,12678,,,,
2009/7/4,28.6,29.3,30.8,26.1,,,18893,13978,,,,
2009/7/2,,,,,,,,,13986,15381,,
2009/7/1,,,,,,34.5,,,,,,
2009/6/27,28.3,29,30.5,25.5,,,18293,13378,,,,
2009/6/20,28,28.7,30.2,25,,,17793,12878,,,,
2009/6/17,,,,,,35,,,,,,
2009/6/13,27.3,28,29.5,24.1,,,16893,11978,,,,
2009/6/10,,,,,,33.5,,,,,,
2009/6/6,27,27.7,29.2,23.9,,,16693,11778,,,,
2009/6/3,,,,,,31.5,,,,,,
2009/6/2,,,,,,,,,11818,13370,,
2009/5/30,26.5,27.2,28.7,23.6,,,16393,11478,,,,
2009/5/27,,,,,,31,,,,,,
2009/5/23,26.1,26.8,28.3,23.4,,,16193,11278,,,,
2009/5/20,,,,,,30.5,,,,,,
2009/5/16,26,26.7,28.2,23.2,,,15993,11078,,,,
2009/5/13,,,,,,30,,,,,,
2009/5/9,25.4,26.1,27.6,22.6,,,15393,10478,,,,
2009/5/2,24.5,25.2,26.7,21.6,,,14393,9478,11009,12888,,
2009/4/25,24.6,25.3,26.8,21.7,,,14493,9578,,,,
2009/4/18,24.9,25.6,27.1,22.2,,,14993,10078,,,,
2009/4/11,24.8,25.5,27,22.1,,,14893,9978,,,,
2009/4/9,,,,,,29.5,,,,,,
2009/4/4,24.2,24.9,26.4,21.4,,,14193,9278,,,,
2009/4/2,,,,,,30,,,9976,11375,,
2009/3/28,24.4,25.1,26.6,21.7,,,14493,9578,,,,
2009/3/26,,,,,,29,,,,,,
2009/3/21,23.3,24,25.5,20.5,,,13293,8378,,,,
2009/3/19,,,,,,27,,,,,,
2009/3/14,23,23.7,25.2,20.2,,,12993,8078,,,,
2009/3/7,23.1,23.8,25.3,20.3,,,13093,8178,,,,
2009/3/2,,,,,,,,,10414,11457,,
2009/2/26,,,,,,27.5,,,,,,
2009/2/21,22.6,23.3,24.8,19.7,,,12493,7578,,,,
2009/2/19,,,,,,28,,,,,,
2009/2/14,22.8,23.5,25,20,,,12793,7878,,,,
2009/2/12,,,,,,28.5,,,,,,
2009/2/7,22.4,23.1,24.6,19.5,,,12293,7378,9702,11043,,
2009/1/24,22.1,22.8,24.3,,,,,,,,,
2009/1/22,,,,,,29.5,,,,,,
2009/1/17,,,,19.3,,,12093,7178,,,,
2009/1/10,22.2,22.9,24.4,19.5,,,12293,7378,,,,
2009/1/8,,,,,,30.5,,,,,,
2009/1/3,20.3,21,22.5,17,,,9793,4878,,,,
2009/1/2,,,,,,,,,9029,10034,,
2008/12/27,20.4,21.1,22.6,17.1,,,9893,4978,,,,
2008/12/20,20.8,21.5,23,17.5,,,10293,5378,,,,
2008/12/13,20.1,20.8,22.3,16.8,,,9593,4678,,,,
2008/12/11,,,,,,29.5,,,,,,
2008/12/6,20.5,21.2,22.7,17.2,,,9993,5078,,,,
2008/12/4,,,,,,31.5,,,,,,
2008/12/2,,,,,,,,,9595,11092,,
2008/11/29,20.6,21.3,22.8,17.3,,,10093,5178,,,,
2008/11/22,20.7,21.4,22.9,17.4,,,10193,5278,,,,
2008/11/20,,,,,,34.5,,,,,,
2008/11/15,21.7,22.4,23.9,18.5,,,11293,6378,,,,
2008/11/13,,,,,,36.5,,,,,,
2008/11/8,,,,19.9,,,12693,7778,,,,
2008/11/2,,,,,,,,,15397,16717,,
2008/11/1,23,23.7,25.2,20,,,12793,7878,,,,
2008/10/30,,,,,,37.5,,,,,,
2008/10/25,23.8,24.5,26,20.8,,,13593,8678,,,,
2008/10/23,,,,,,38.5,,,,,,
2008/10/18,25.2,25.9,27.4,22.3,,,15093,10178,,,,
2008/10/16,,,,,,40.5,,,,,,
2008/10/11,27.2,27.9,29.4,24.5,,,17293,12378,,,,
2008/10/9,,,,,,41.5,,,,,,
2008/10/4,29.5,30.2,31.7,27,,,19793,14878,,,,
2008/10/2,,,,,,43.5,,,19913,20976,,
2008/9/27,30.1,30.8,32.3,27.7,,,20493,15578,,,,
2008/9/25,,,,,,45.5,,,,,,
2008/9/20,29,29.7,31.2,26.4,,,19193,14278,,,,
2008/9/18,,,,,,45,,,,,,
2008/9/13,30.6,31.3,32.8,28.2,,,20993,16078,,,,
2008/9/11,,,,,,47,,,,,,
2008/9/6,31.9,32.6,34.1,29.6,,,22393,17478,,,,
2008/9/4,,,,,,48,,,,,,
2008/8/30,32.8,33.5,35,30.6,,,23393,18478,,,,
2008/8/23,32.3,33,34.5,30.1,,,22893,17978,,,,
2008/8/21,,,,,,50,,,,,,
2008/8/16,32.5,33.2,34.7,30.3,,,23093,18178,,,,
2008/8/14,,,,,,51,,,,,,
2008/8/9,33.4,34.1,35.6,31.3,,,24093,19178,,,,
2008/8/8,,,,,,,,,20913,22333,,
2008/8/7,,,,,,52.5,,,,,,
2008/7/31,,,,,,53.7,,,,,,
2008/7/24,,,,,,54.7,,,,,,
2008/7/3,,,,,,55.7,,,,,,
2008/7/2,35.4,36.1,37.6,33.5,,,26293,21378,19413,20483,19053,
2008/6/12,,,,,,54.5,,,,,,
2008/6/5,,,,,,53.5,,,,,,
2008/5/29,,,,,,55,,,,,,
2008/5/28,33.9,34.6,36.1,31.9,,,24693,19778,18208,18928,17848,
2008/5/22,,,,,,52.5,,,,,,
2008/5/15,,,,,,51,,,,,,
2008/5/8,,,,,,46.5,,,,,,
2008/4/24,,,,,,46,,,,,,
2008/4/17,,,,,,45,,,,,,
2008/4/10,,,,,,44.5,,,,,,
2008/3/27,,,,,,42,,,,,,
2008/3/20,,,,,,44,,,,,,
2008/3/13,,,,,,43,,,,,,
2008/3/6,,,,,,41,,,,,,
2008/2/21,,,,,,40,,,,,,
2008/1/31,,,,,,38.5,,,,,,
2008/1/24,,,,,,38,,,,,,
2008/1/17,,,,,,39,,,,,,
2008/1/3,,,,,,40,,,,,,
2007/12/6,,,,,,39,,,,,,
2007/11/29,,,,,,40.5,,,,,,
2007/11/8,,,,,,39.5,,,,,,
2007/11/2,30,30.7,32.2,27.5,,,20293,15378,,,,
2007/11/1,,,,,,37.5,,,,,,
2007/10/18,,,,,,36.5,,,,,,
2007/10/2,29.1,29.8,31.3,26.6,,,19393,14696,,,,
2007/9/20,,,,,,35.5,,,,,,
2007/9/13,,,,,,34.5,,,,,,
2007/9/2,27.8,28.5,30,25.2,,,17993,13635,14708,15158,14348,
2007/8/15,28.4,29.1,30.6,25.9,,,18693,14165,,,,
2007/8/9,,,,,,33.5,,,,,,
2007/7/25,29.1,29.8,31.3,26.6,,,19393,14695,,,,
2007/7/18,29,29.7,31.2,26.4,,,19193,14543,,,,
2007/7/12,,,,,,34,,,,,,
2007/7/11,28.6,29.3,30.8,26,,,18793,14240,,,,
2007/7/4,28.3,29,30.5,25.8,,,18593,14088,,,,
2007/7/3,,,,,,,,,14029,14479,13669,
2007/6/21,,,,,,33.5,,,,,,
2007/6/20,27.9,28.6,30.1,25.3,,,18093,13709,,,,
2007/6/13,,,,24.6,,,17393,13179,,,,
2007/6/6,27.3,28,29.5,24.7,,,17493,13255,,,,
2007/5/30,27.1,27.8,29.3,24.4,,,17193,13028,,,,
2007/5/24,,,,,,33,,,,,,
2007/5/23,27.4,28.1,29.6,24.7,,,17493,13255,,,,
2007/5/17,,,,,,32.5,,,,,,
2007/5/16,26.6,27.3,28.8,23.8,,,16593,12573,,,,
2007/5/9,26.3,27,28.5,23.6,,,16393,12421,,,,
2007/5/3,,,,,,33,,,,,,
2007/5/2,,,,,,,,,13508,13958,13148,
2007/4/25,27.3,28,29.5,24.6,,,17393,13179,,,,
2007/4/18,26.8,27.5,29,24,,,16793,12724,,,,
2007/4/11,26.3,27,28.5,23.6,,,16393,12421,,,,
2007/4/4,27.3,28,29.5,24.6,,,17393,13179,,,,
2007/4/3,,,,,,32.5,,,12600,13050,12240,
2007/3/28,26.9,27.6,29.1,23.9,,,16693,12649,,,,
2007/3/21,25.6,26.3,27.8,22.4,,,15193,11512,,,,
2007/3/14,26.1,26.8,28.3,23,,,15793,11967,,,,
2007/3/13,,,,,,31.5,,,,,,
2007/3/7,26.3,27,28.5,23.2,,,15993,12119,,,,
2007/3/4,,,,,,,,,,,,
2007/3/2,,,,,,,,,12100,12550,11740,
2007/3/1,,,,,,31,,,,,,
2007/2/28,26.6,27.3,28.8,23.5,,,16293,12346,,,,
2007/2/14,25.8,26.5,28,22.7,,,15493,11740,,,,
2007/2/7,26,26.7,28.2,22.9,,,15693,11892,,,,
2007/2/5,,,,,,30.5,,,,,,
2007/2/2,,,,,,,,,12171,12621,11811,12336
2007/1/31,25,25.7,27.2,21.8,,,14593,11058,,,,
2007/1/24,24.4,25.1,26.6,21.1,,,13893,10528,,,,
2007/1/17,24.8,25.5,27,21.6,,,14393,10907,,,,
2007/1/16,,,,,,30,,,,,,
2007/1/10,25.4,26.1,27.6,22.3,,,15093,11437,,,,
2007/1/4,,,,,,31,,,,,,
2007/1/3,26.5,27.2,28.7,23.4,,,16193,12271,,,,
2007/1/1,,,,,,,,,,,,
2006/12/27,26.9,27.6,29.1,,,,,,,,,
2006/12/20,27,27.7,29.2,23.7,,,16493,12498,,,,
2006/12/13,26.7,27.4,28.9,23.5,,,16293,12346,,,,
2006/12/12,,,,,,31.5,,,,,,
2006/12/6,27,27.7,29.2,23.8,,,16593,12573,,,,
2006/12/1,,,,,,31.2,,,,,,
2006/11/29,26.5,27.2,28.7,23.3,,,16093,12194,,,,
2006/11/22,25.4,26.1,27.6,22.1,,,14893,11285,,,,
2006/11/15,26,26.7,28.2,22.7,,,15493,11739,,,,
2006/11/8,26.3,27,28.5,23.1,,,15893,12042,,,,
2006/11/1,25.9,26.6,28.1,22.6,,31,15393,11663,,,,
2006/10/25,25.6,26.3,27.8,22.3,,,15093,11436,,,,
2006/10/11,26.3,27,28.5,23.1,,,15893,12042,,,,
2006/9/29,,,,,,,16093,12194,,,,
2006/9/27,,,,,,32,,,,,,
2006/9/26,26.5,27.2,28.7,23.3,,,,,,,,
2006/9/19,,,,,,33.5,,,,,,
2006/9/14,27.4,28.1,29.6,24.2,,,16993,12876,,,,
2006/8/13,,,,,,,,,,,,
2006/8/9,,,,,,35,,,,,,
2006/7/7,27.9,28.6,30.1,24.5,,,17293,13103,12450,12900,12090,12615
2006/6/5,,,,,,33.5,,,,,,
2006/4/25,,,,,,34.5,,,,,,
2006/4/19,26.9,27.6,29.1,23.5,28,,16293,12345,10450,10900,10090,10615
2006/4/13,,,,,,33,,,,,,
2006/4/6,,,,,,32,,,,,,
2006/3/9,,,,,,31,,,,,,
2006/2/14,24.9,25.6,27.1,21.5,26,,14293,10830,9710,10160,9350,9875
2005/12/16,,,,,,30.3,,,,,,
2005/12/1,,,,,,28.8,,,,,,
2005/10/24,23.9,24.6,26.1,,25,,,,,,,
2005/10/6,,,,,,30.8,,,,,,
2005/9/1,,,,,,28.1,,,,,,
2005/8/15,,,,,,26.1,,,,,,
2005/8/2,24.7,25.4,26.9,20.5,25.8,,13626,10325,9250,9700,8890,9415
2005/8/1,,,,,,25.1,,,,,,
2005/6/15,,,,,,24.8,,,,,,
2005/5/31,,,,,,24,,,,,,
2005/5/17,,,,,,24.5,,,,,,
2005/4/8,,,,,,24.8,,,,,,
2005/3/15,,,,,,,,9188,,,,
2005/3/14,,,,,,23.8,,,,,,
2005/3/10,23.2,23.9,25.4,19,24.3,,12126,9431,8650,9100,8290,8815
2005/3/3,,,,,,22.5,,,,,,
2005/2/21,,,,,,21.8,,,,,,
2005/1/21,,,,,,22.2,,,,,,
2005/1/14,,,,,,22.5,,,,,,
2005/1/13,,,,,,,11126,8431,,,,
2005/1/8,,,,,,,11626,8931,,,,
2005/1/6,,,,,,,,,8350,8800,7990,8515
2004/12/30,22.2,22.9,24.4,,23.3,,,,,,,
2004/12/15,,,,,,23,,,,,,
2004/12/8,,,,,,23.7,,,,,,
2004/11/11,,,,,,24.3,,,,,,
2004/10/6,,,,,,23.8,,,,,,
2004/9/23,,,,,,23,,,,,,
2004/9/22,22.5,23.2,24.7,18,23.6,,11876,9181,8550,9000,8190,8715
2004/9/16,,,,,,22.5,,,,,,
2004/9/2,,,,,,22.2,,,,,,
2004/8/23,,,,,,22.7,,,,,,
2004/8/10,,,,,,22.2,,,,,,
2004/8/3,,,,,,21.7,10876,8734,,,,
2004/7/23,,,,,,,10376,8234,,,,
2004/7/16,21.9,22.6,24.1,17,23,,,,,,,
2004/7/15,,,,,,,,,8350,8800,7990,8515
2004/7/14,,,,,,21.2,,,,,,
2004/7/13,,,,,,,9876,7734,,,,
2004/6/8,,,,,,20.4,,,,,,
2004/5/17,,,,,,19.7,,,,,,
2004/3/25,21.5,22.2,23.7,16.5,22.6,,9576,7434,8150,8600,7790,8315
2004/2/7,,,,,,,,,7950,8400,7590,8115
2004/1/17,,,,,,,9426,7284,,,,
2004/1/16,20.9,21.6,23.1,15.9,22,19.1,,,,,,
2004/1/9,,,,,,,8991,6849,,,,
2004/1/8,,,,,,18.3,,,,,,
2004/1/7,20.1,20.8,22.3,15.1,21.2,,,,,,,
2003/12/26,,,,,,,8696,6554,,,,
2003/12/19,,,,,,17.5,,,,,,
2003/12/17,19.6,20.3,21.8,14.9,20.7,,,,,,,
2003/12/11,,,,,,17,,,,,,
2003/12/5,,,,,,,8401,6259,,,,
2003/11/14,,,,,,16.7,,,,,,
2003/11/1,19.1,19.8,21.3,14.6,20.2,,,,,,,
2003/10/3,,,,,,,,,7750,8200,7390,7915
2003/9/29,,,,,,16.1,,,,,,
2003/9/20,19.6,20.3,21.8,14.8,20.7,,,,7850,8300,7490,8015
2003/8/16,,,,,,,8106,5964,,,,
2003/8/15,,,,,,16.5,,,,,,
2003/8/9,20.1,20.8,22.3,15,21.2,,,,,,,
2003/7/31,,,,,,,,,8050,8500,7690,8215
2003/7/10,,,,,,,,,8350,8800,7990,8515
2003/7/8,,,,14.2,,,7811,5669,,,,
2003/7/7,,,,,,16.4,,,,,,
2003/5/10,,,,,,,8960,,,,,
2003/4/19,,,,,,,,,7850,8300,7490,8015
2003/4/15,,,,,,17.4,,,,,,
2003/4/14,19.1,19.8,21.3,15.4,20.2,,,,,,,
2003/4/9,,,,,,,9223,,,,,
2003/4/4,19.9,20.6,21.9,16,21,18.2,,,8250,8700,7890,8415
2003/3/25,,,,,,,9807,,,,,
2003/3/12,,,,,,19.4,,,,,,
2003/2/25,,,,,,,,,8850,9300,8390,8915
2003/2/22,20.9,21.6,22.9,16.5,22,,,,,,,
2003/2/20,,,,,,18.2,,,,,,
2003/2/12,,,,,,,10111,6474,,,,
2003/2/8,,,,,,17.6,9613,6155,,,,
2003/1/23,,,,,,17,,,,,,
2003/1/10,,,,,,16.5,,,,,,
2003/1/9,20.1,20.8,22.1,15.8,21.2,,10011,6410,8250,8700,7790,8315
2002/12/28,19.6,20.3,21.6,15.6,20.7,,9821,6288,,,,
2002/10/26,19.3,20,21.3,15.4,20.4,,9630,6166,8050,8502,7594,8115
2002/10/2,,,,,,16.1,,,,,,
2002/9/27,18.5,19.6,20.9,14.4,19.6,,8678,5557,,,,
2002/9/20,,,,,,,,,7850,8302,7394,7915
2002/8/23,,,,,,15.5,,,,,,
2002/8/20,18.1,19.2,20.5,13.8,19.2,15,8107,5191,7400,8002,6894,7615
2002/7/2,,,,,,,,,7220,7822,6714,
2002/6/1,17.1,18.2,19.5,13.3,18.2,,7616,4877,,,,
2002/4/10,18.1,19.2,20.5,13.8,18.6,,7916,5069,6820,7695,6414,7435
2001/12/15,,,,,,,,,6620,7495,6214,7235
2001/12/8,17.1,18.2,19.4,13.3,17.4,,7345,4703,,,,
2001/11/17,18.1,19.2,20.4,13.8,,,8011,5129,,,,
2001/11/8,,,,,,,,,6820,7695,6314,7335
2001/7/11,,,,,,,,,7140,8056,6610,7679
2001/7/4,,,,,,15.6,,,,,,
2001/6/29,18.4,19.5,20.7,14.1,18.4,,,,,,,
2001/5/15,,,,,,,,,7296,8232,6767,7861
2001/4/5,18.9,20,21.2,14.3,18.9,,8106,5190,7052,8061,6521,7689
2001/4/3,,,,,,15.8,,,,,,
2001/3/1,,,,,,,,,7288,8316,6768,7952
2001/2/20,,,,,,16.2,,,,,,
2001/2/1,,,,,,,,,7414,8404,6889,8037
2000/11/3,19.2,20.2,21.2,14.6,19.2,,8392,5373,,,,
2000/10/27,19.5,20.5,21.5,14.9,19.5,16.6,8678,5556,,,,
2000/10/20,,,,,,,,,7623,9217,7077,9004
2000/9/27,19.2,20.2,21.2,14.7,19.2,,8487,5434,,,,
2000/9/21,,,,,,16.2,,,,,,
2000/9/20,19.6,20.6,21.6,14.9,19.6,,8678,5556,,,,
2000/9/14,,,,,,,,,7235,8887,6690,8682
2000/8/2,18.3,19.3,20.3,14.3,18.3,15.2,8106,5190,6791,8887,6287,8682
2000/6/21,18.6,19.6,20.6,14.5,18.6,15.6,8297,5312,6860,8977,6351,8770
2000/5/17,,,,,,,,,6773,8864,6271,8659
2000/3/29,18.1,19.1,20.1,14.2,18.1,15.1,8011,5129,,,,
2000/3/28,,,,,,,,,6387,8487,5915,8291
2000/2/16,17.6,18.6,19.6,13.8,17.6,14.7,7630,4885,,,,
2000/2/15,,,,,,,,,5674,7536,5088,7126
1999/12/8,17.2,18.2,19.2,13.4,17.2,14.3,7249,4641,5439,7223,4878,6830
1999/11/10,16.8,17.8,18.8,13,16.8,13.9,6868,4397,5045,6827,4484,6434
1999/9/1,16.4,17.4,18.4,12.7,16.4,13.5,6582,4195,4872,6615,4311,6223
1999/8/11,16.4,17.4,18.4,12.7,16.4,13.5,6582,4195,4872,6615,4311,6223
1999/7/14,16,17,18,12.4,16,13.1,6297,3997,4703,6407,4142,6014
1999/5/12,15.6,16.6,,12.1,15.6,12.8,6011,3806,4545,6207,3984,5814
1999/4/7,15.3,16.3,,11.8,15.3,12.5,5725,3628,4407,6020,3846,5627
1999/1/6,15,16,,11.5,15,12.2,5440,3451,4270,5834,3709,5441
