2013,是 
2013,是 
2013,是 
2013,是 
2013,是 
2013,是 
2013,是 
2013,是 
2013,是 
2013,是 
2013,是 
2013,是 
2013,是 
2013,是 
2013,是 
2013,是 
2013,是 
2013,是 
2013,是 
2013,是 
2013,否 
2013,是 
2013,是 
2013,是 
2013,是 
2013,否 
2013,是 
2013,是 
2013,是 
2013,是 
2013,是 
2013,是 
2013,否 
2013,是 
2013,是 
2013,是 
2013,是 
2013,是 
2013,是 
2013,是 
2013,是 
2013,是 
2013,是 
2013,是 
2013,是 
2013,是 
2013,是 
2013,是 
2013,是 
2013,是 
2013,是 
2013,是 
2013,是 
2013,是 
2013,是 
2013,是 
2013,是 
2013,是 
2013,是 
2013,是 
2013,是 
2013,是 
2013,是 
2013,是 
2013,是 
2013,是 
2013,是 
2013,是 
2013,是 
2013,是 
2013,是 
2013,是 
2013,是 
2013,是 
2013,是 
2013,是 
2013,是 
2013,是 
2013,是 
2013,是 
2013,是 
2013,是 
2013,是 
2013,否 
2013,是 
2013,是 
2013,否 
2013,是 
2013,是 
2013,是 
2013,是 
2013,是 
2013,是 
2013,是 
2013,是 
2013,是 
2013,是 
2013,是 
2013,是 
2013,是 
2013,是 
2013,否 
2013,是 
2013,是 
2013,是 
2013,是 
2013,是 
2013,是 
2013,否 
2013,是 
2013,是 
2013,是 
2013,是 
2013,是 
2013,是 
2013,是 
2013,是 
2013,是 
2013,是 
2013,是 
2013,是 
2013,否 
2013,是 
2013,是 
2014,是 
2014,是 
2014,是 
2014,是 
2014,是 
2014,是 
2014,是 
2014,是 
2014,是 
2014,是 
2014,是 
2014,是 
2014,是 
2014,是 
2014,是 
2014,是 
2014,是 
2014,是 
2014,是 
2014,是 
2014,是 
2014,是 
2014,是 
2014,是 
2014,是 
2014,是 
2014,是 
2014,是 
2014,是 
2014,是 
2014,是 
2014,是 
2014,是 
2014,是 
2014,是 
2014,是 
2014,是 
2014,是 
2014,是 
2014,是 
2014,是 
2014,是 
2014,是 
2014,是 
2014,是 
2014,是 
2014,是 
2014,是 
2014,是 
2014,是 
2014,是 
2014,是 
2014,是 
2014,是 
2014,是 
2014,是 
2014,是 
2014,是 
2014,是 
2014,是 
2014,是 
2014,是 
2014,是 
2014,是 
2014,是 
2014,是 
2014,是 
2014,是 
2014,是 
2014,是 
2014,是 
2014,是 
2014,是 
2014,是 
2014,是 
2014,是 
2014,是 
2014,是 
2014,是 
2014,否 
2014,是 
2014,是 
2014,是 
2014,是 
2014,是 
2014,是 
2014,是 
2014,是 
2014,是 
2014,是 
2014,是 
2014,是 
2014,是 
2014,是 
2014,是 
2014,是 
2014,是 
2014,是 
2014,是 
2014,是 
2014,是 
2014,是 
2014,否 
2014,是 
2014,是 
2014,是 
2014,是 
2014,是 
2014,是 
2014,是 
2014,是 
2014,是 
2014,是 
2014,是 
2014,是 
2014,否 
2014,否 
2014,是 
2015,是 
2015,是 
2015,是 
2015,是 
2015,是 
2015,是 
2015,是 
2015,是 
2015,是 
2015,是 
2015,是 
2015,是 
2015,是 
2015,是 
2015,是 
2015,是 
2015,是 
2015,是 
2015,是 
2015,是 
2015,是 
2015,是 
2015,是 
2015,是 
2015,是 
2015,是 
2015,是 
2015,是 
2015,是 
2015,是 
2015,是 
2015,是 
2015,是 
2015,是 
2015,是 
2015,是 
2015,是 
2015,是 
2015,是 
2015,是 
2015,是 
2015,是 
2015,是 
2015,是 
2015,是 
2015,是 
2015,是 
2015,是 
2015,是 
2015,是 
2015,是 
2015,是 
2015,是 
2015,是 
2015,是 
2015,是 
2015,是 
2015,是 
2015,是 
2015,是 
2015,是 
2015,是 
2015,是 
2015,是 
2015,是 
2015,是 
2015,是 
2015,是 
2015,是 
2015,是 
2015,是 
2015,是 
2015,是 
2015,是 
2015,是 
2015,是 
2015,是 
2015,是 
2015,是 
2015,是 
2015,是 
2015,是 
2015,是 
2015,是 
2015,是 
2015,是 
2015,是 
2015,是 
2015,是 
2015,是 
2015,是 
2015,是 
2015,是 
2015,是 
2015,是 
2015,是 
2015,是 
2015,是 
2015,是 
2015,是 
2015,是 
2015,是 
2015,是 
2015,是 
2015,是 
2015,是 
2015,是 
2015,是 
2015,是 
2015,是 
2015,是 
2015,是 
2015,是 
2015,是 
2015,是 
2015,是 
2015,是 
2015,是 
2016,是 
2016,是 
2016,是 
2016,是 
2016,是 
2016,是 
2016,是 
2016,是 
2016,是 
2016,否 
2016,是 
2016,是 
2016,是 
2016,是 
2016,是 
2016,是 
2016,是 
2016,是 
2016,是 
2016,是 
2016,是 
2016,是 
2016,是 
2016,是 
2016,是 
2016,是 
2016,是 
2016,是 
2016,是 
2016,是 
2016,是 
2016,是 
2016,是 
2016,是 
2016,是 
2016,是 
2016,是 
2016,是 
2016,是 
2016,是 
2016,是 
2016,是 
2016,是 
2016,是 
2016,是 
2016,是 
2016,是 
2016,是 
2016,是 
2016,是 
2016,是 
2016,是 
2016,是 
2016,否 
2016,是 
2016,是 
2016,是 
2016,是 
2016,是 
2016,是 
2016,是 
2016,是 
2016,是 
2016,是 
2016,是 
2016,是 
2016,是 
2016,是 
2016,是 
2016,是 
2016,是 
2016,是 
2016,是 
2016,是 
2016,是 
2016,是 
2016,是 
2016,是 
2016,是 
2016,是 
2016,是 
2016,是 
2016,是 
2016,否 
2016,是 
2016,是 
2016,是 
2016,是 
2016,是 
2016,是 
2016,是 
2016,是 
2016,是 
2016,是 
2016,是 
2016,是 
2016,是 
2016,是 
2016,是 
2016,是 
2016,是 
2016,是 
2016,是 
2016,是 
2016,是 
2016,是 
2016,是 
2016,是 
2016,是 
2016,是 
2016,是 
2016,是 
2016,是 
2016,是 
2016,是 
2016,是 
2016,是 
2016,是 
2016,是 
2017,是 
2017,是 
2017,是 
2017,是 
2017,是 
2017,是 
2017,是 
2017,是 
2017,是 
2017,是 
2017,是 
2017,是 
2017,是 
2017,是 
2017,是 
2017,是 
2017,是 
2017,是 
2017,否 
2017,是 
2017,是 
2017,是 
2017,是 
2017,是 
2017,是 
2017,是 
2017,是 
2017,是 
2017,是 
2017,是 
2017,是 
2017,是 
2017,是 
2017,是 
2017,是 
2017,是 
2017,是 
2017,是 
2017,是 
2017,是 
2017,是 
2017,是 
2017,是 
2017,是 
2017,是 
2017,是 
2017,是 
2017,是 
2017,是 
2017,是 
2017,是 
2017,是 
2017,是 
2017,是 
2017,是 
2017,否 
2017,是 
2017,是 
2017,是 
2017,是 
2017,是 
2017,是 
2017,是 
2017,是 
2017,是 
2017,是 
2017,是 
2017,是 
2017,是 
2017,是 
2017,是 
2017,是 
2017,是 
2017,是 
2017,是 
2017,是 
2017,是 
2017,是 
2017,是 
2017,是 
2017,是 
2017,是 
2017,是 
2017,是 
2017,是 
2017,是 
2017,是 
2017,是 
2017,是 
2017,否 
2017,是 
2017,是 
2017,是 
2017,是 
2017,是 
2017,是 
2017,是 
2017,是 
2017,是 
2017,是 
2017,是 
2017,是 
2017,是 
2017,是 
2017,是 
2017,是 
2017,是 
2017,是 
2017,是 
2017,是 
2017,是 
2017,是 
2017,是 
2017,是 
2017,是 
2017,是 
2017,是 
2017,是 
2017,是 
2017,是 
2018,是 
2018,是 
2018,是 
2018,是 
2018,是 
2018,是 
2018,是 
2018,是 
2018,是 
2018,是 
2018,是 
2018,是 
2018,是 
2018,是 
2018,是 
2018,是 
2018,是 
2018,是 
2018,是 
2018,是 
2018,是 
2018,是 
2018,是 
2018,是 
2018,是 
2018,是 
2018,是 
2018,是 
2018,是 
2018,是 
2018,否 
2018,是 
2018,是 
2018,是 
2018,是 
2018,是 
2018,是 
2018,是 
2018,是 
2018,是 
2018,是 
2018,是 
2018,是 
2018,是 
2018,是 
2018,是 
2018,是 
2018,是 
2018,是 
2018,是 
2018,是 
2018,是 
2018,是 
2018,是 
2018,是 
2018,是 
2018,是 
2018,是 
2018,是 
2018,是 
2018,是 
2018,是 
2018,是 
2018,是 
2018,是 
2018,是 
2018,是 
2018,是 
2018,是 
2018,是 
2018,是 
2018,是 
2018,是 
2018,是 
2018,是 
2018,是 
2018,是 
2018,是 
2018,是 
2018,是 
2018,是 
2018,是 
2018,是 
2018,是 
2018,是 
2018,是 
2018,是 
2018,是 
2018,是 
2018,是 
2018,是 
2018,是 
2018,是 
2018,是 
2018,是 
2018,是 
2018,是 
2018,是 
2018,是 
2018,是 
2018,是 
2018,是 
2018,是 
2018,是 
2018,是 
2018,是 
2018,是 
2018,是 
2018,是 
2018,是 
2018,是 
2018,是 
2018,是 
2018,是 
2018,否 
2018,是 
2018,是 
2018,是 
2018,是 
2019,是 
2019,是 
2019,是 
2019,是 
2019,是 
2019,否 
2019,是 
2019,是 
2019,是 
2019,是 
2019,是 
2019,是 
2019,是 
2019,是 
2019,是 
2019,是 
2019,是 
2019,是 
2019,是 
2019,是 
2019,否 
2019,是 
2019,是 
2019,是 
2019,是 
2019,是 
2019,是 
2019,是 
2019,是 
2019,是 
2019,是 
2019,是 
2019,是 
2019,是 
2019,是 
2019,是 
2019,是 
2019,是 
2019,是 
2019,是 
2019,是 
2019,是 
2019,是 
2019,是 
2019,是 
2019,是 
2019,是 
2019,是 
2019,是 
2019,是 
2019,是 
2019,是 
2019,是 
2019,是 
2019,是 
2019,是 
2019,是 
2019,是 
2019,是 
2019,是 
2019,是 
2019,是 
2019,是 
2019,是 
2019,是 
2019,是 
2019,是 
2019,是 
2019,是 
2019,是 
2019,是 
2019,是 
2019,是 
2019,是 
2019,是 
2019,是 
2019,是 
2019,是 
2019,是 
2019,是 
2019,是 
2019,是 
2019,是 
2019,是 
2019,是 
2019,是 
2019,是 
2019,是 
2019,是 
2019,是 
2019,是 
2019,是 
2019,否 
2019,是 
2019,是 
2019,是 
2019,是 
2019,是 
2019,是 
2019,是 
2019,是 
2019,是 
2019,是 
2019,是 
2019,是 
2019,是 
2019,是 
2019,是 
2019,是 
2019,是 
2019,是 
2019,是 
2019,是 
2019,是 
2019,是 
2019,是 
2019,是 
2019,是 
2019,是 
2019,是 
2020,是 
2020,是 
2020,是 
2020,是 
2020,是 
2020,是 
2020,是 
2020,是 
2020,是 
2020,是 
2020,是 
2020,是 
2020,是 
2020,是 
2020,是 
2020,是 
2020,是 
2020,是 
2020,否 
2020,是 
2020,是 
2020,是 
2020,是 
2020,是 
2020,是 
2020,是 
2020,是 
2020,是 
2020,是 
2020,是 
2020,是 
2020,是 
2020,是 
2020,是 
2020,是 
2020,是 
2020,是 
2020,是 
2020,是 
2020,是 
2020,是 
2020,是 
2020,是 
2020,是 
2020,是 
2020,是 
2020,是 
2020,是 
2020,是 
2020,是 
2020,是 
2020,是 
2020,是 
2020,是 
2020,是 
2020,是 
2020,是 
2020,是 
2020,否 
2020,是 
2020,是 
2020,是 
2020,是 
2020,是 
2020,是 
2020,是 
2020,是 
2020,是 
2020,是 
2020,是 
2020,是 
2020,是 
2020,是 
2020,是 
2020,是 
2020,是 
2020,是 
2020,是 
2020,是 
2020,是 
2020,是 
2020,是 
2020,是 
2020,是 
2020,是 
2020,是 
2020,是 
2020,是 
2020,是 
2020,否 
2020,是 
2020,是 
2020,是 
2020,是 
2020,是 
2020,是 
2020,是 
2020,是 
2020,是 
2020,是 
2020,是 
2020,是 
2020,是 
2020,是 
2020,是 
2020,是 
2020,是 
2020,是 
2020,是 
2020,是 
2020,是 
2020,是 
2020,是 
2020,是 
2020,是 
2020,是 
2020,是 
2020,是 
2020,是 
2020,是 
