timestamp,weight,height,bmi,fatRate,bodyWaterRate,boneMass,metabolism,muscleRate,visceralFat,impedance
1527812465,67.7,170.0,23.4,0.0,0.0,0.0,0.0,0.0,0.0,0
1527836363,66.6,170.0,23.0,0.0,0.0,0.0,0.0,0.0,0.0,0
1528023207,68.7,170.0,23.7,0.0,0.0,0.0,0.0,0.0,0.0,0
1528065697,68.8,170.0,23.8,0.0,0.0,0.0,0.0,0.0,0.0,0
1528065812,68.5,170.0,23.7,0.0,0.0,0.0,0.0,0.0,0.0,0
1528105747,68.4,170.0,23.6,0.0,0.0,0.0,0.0,0.0,0.0,0
1528106413,67.7,170.0,23.4,0.0,0.0,0.0,0.0,0.0,0.0,0
1528118094,67.7,170.0,23.4,0.0,0.0,0.0,0.0,0.0,0.0,0
1528152719,67.7,170.0,23.4,0.0,0.0,0.0,0.0,0.0,0.0,0
1528178538,67.4,170.0,23.3,0.0,0.0,0.0,0.0,0.0,0.0,0
1528190666,67.6,170.0,23.3,0.0,0.0,0.0,0.0,0.0,0.0,0
1528191076,66.9,170.0,23.1,0.0,0.0,0.0,0.0,0.0,0.0,0
1528195407,66.7,170.0,23.0,0.0,0.0,0.0,0.0,0.0,0.0,0
1528206571,67.1,170.0,23.2,0.0,0.0,0.0,0.0,0.0,0.0,0
1528238795,67.3,170.0,23.2,0.0,0.0,0.0,0.0,0.0,0.0,0
1528238934,67.2,170.0,23.2,0.0,0.0,0.0,0.0,0.0,0.0,0
1528265727,67.6,170.0,23.3,0.0,0.0,0.0,0.0,0.0,0.0,0
1528265847,67.3,170.0,23.2,0.0,0.0,0.0,0.0,0.0,0.0,0
1528325337,67.3,170.0,23.2,0.0,0.0,0.0,0.0,0.0,0.0,0
1528346130,67.6,170.0,23.3,0.0,0.0,0.0,0.0,0.0,0.0,0
1528346262,67.2,170.0,23.2,0.0,0.0,0.0,0.0,0.0,0.0,0
1528354841,67.0,170.0,23.1,0.0,0.0,0.0,0.0,0.0,0.0,0
1528379873,66.2,170.0,22.9,0.0,0.0,0.0,0.0,0.0,0.0,0
1528411496,66.8,170.0,23.1,0.0,0.0,0.0,0.0,0.0,0.0,0
1528411647,66.5,170.0,23.0,0.0,0.0,0.0,0.0,0.0,0.0,0
1528427670,67.1,170.0,23.2,0.0,0.0,0.0,0.0,0.0,0.0,0
1528434993,66.8,170.0,23.1,0.0,0.0,0.0,0.0,0.0,0.0,0
1528637513,67.1,170.0,23.2,0.0,0.0,0.0,0.0,0.0,0.0,0
1528705794,67.6,170.0,23.3,0.0,0.0,0.0,0.0,0.0,0.0,0
1528723436,67.6,170.0,23.3,0.0,0.0,0.0,0.0,0.0,0.0,0
1528744608,67.5,170.0,23.3,0.0,0.0,0.0,0.0,0.0,0.0,0
1528801259,67.4,170.0,23.3,0.0,0.0,0.0,0.0,0.0,0.0,0
1528843990,67.4,170.0,23.3,0.0,0.0,0.0,0.0,0.0,0.0,0
1528874485,67.0,170.0,23.1,0.0,0.0,0.0,0.0,0.0,0.0,0
1528887781,67.5,170.0,23.3,0.0,0.0,0.0,0.0,0.0,0.0,0
1528888106,66.6,170.0,23.0,0.0,0.0,0.0,0.0,0.0,0.0,0
1528898264,67.1,170.0,23.2,0.0,0.0,0.0,0.0,0.0,0.0,0
1528935610,68.1,170.0,23.5,0.0,0.0,0.0,0.0,0.0,0.0,0
1528946921,67.9,170.0,23.4,0.0,0.0,0.0,0.0,0.0,0.0,0
1528963097,67.3,170.0,23.2,0.0,0.0,0.0,0.0,0.0,0.0,0
1529016673,67.6,170.0,23.3,0.0,0.0,0.0,0.0,0.0,0.0,0
1529069224,66.3,170.0,22.9,0.0,0.0,0.0,0.0,0.0,0.0,0
1529118332,66.7,170.0,23.0,0.0,0.0,0.0,0.0,0.0,0.0,0
1529305128,67.8,170.0,23.4,0.0,0.0,0.0,0.0,0.0,0.0,0
1529369317,67.4,170.0,23.3,0.0,0.0,0.0,0.0,0.0,0.0,0
1529369444,67.1,170.0,23.2,0.0,0.0,0.0,0.0,0.0,0.0,0
1529382010,66.5,170.0,23.0,0.0,0.0,0.0,0.0,0.0,0.0,0
1529392342,66.5,170.0,23.0,0.0,0.0,0.0,0.0,0.0,0.0,0
1529404327,66.3,170.0,22.9,0.0,0.0,0.0,0.0,0.0,0.0,0
1529448428,67.2,170.0,23.2,0.0,0.0,0.0,0.0,0.0,0.0,0
1529497066,66.1,170.0,22.8,0.0,0.0,0.0,0.0,0.0,0.0,0
1529498625,66.7,170.0,23.0,0.0,0.0,0.0,0.0,0.0,0.0,0
1529498926,65.7,170.0,22.7,0.0,0.0,0.0,0.0,0.0,0.0,0
1529501656,65.6,170.0,22.6,0.0,0.0,0.0,0.0,0.0,0.0,0
1529509386,66.1,170.0,22.8,0.0,0.0,0.0,0.0,0.0,0.0,0
1529580116,65.7,170.0,22.7,0.0,0.0,0.0,0.0,0.0,0.0,0
1529580185,65.8,170.0,22.7,0.0,0.0,0.0,0.0,0.0,0.0,0
1529580222,65.8,170.0,22.7,0.0,0.0,0.0,0.0,0.0,0.0,0
1529618474,66.1,170.0,22.8,0.0,0.0,0.0,0.0,0.0,0.0,0
1529838146,65.8,170.0,22.7,0.0,0.0,0.0,0.0,0.0,0.0,0
1529850314,66.2,170.0,22.9,0.0,0.0,0.0,0.0,0.0,0.0,0
1529877302,66.4,170.0,22.9,0.0,0.0,0.0,0.0,0.0,0.0,0
1529877841,66.6,170.0,23.0,0.0,0.0,0.0,0.0,0.0,0.0,0
1529926284,65.8,170.0,22.7,0.0,0.0,0.0,0.0,0.0,0.0,0
1529935783,66.5,170.0,23.0,0.0,0.0,0.0,0.0,0.0,0.0,0
1529936456,65.4,170.0,22.6,0.0,0.0,0.0,0.0,0.0,0.0,0
1529936491,65.4,170.0,22.6,0.0,0.0,0.0,0.0,0.0,0.0,0
1529946892,66.0,170.0,22.8,0.0,0.0,0.0,0.0,0.0,0.0,0
1529949198,66.2,170.0,22.9,0.0,0.0,0.0,0.0,0.0,0.0,0
1529966000,65.8,170.0,22.7,0.0,0.0,0.0,0.0,0.0,0.0,0
1530014542,65.1,170.0,22.5,0.0,0.0,0.0,0.0,0.0,0.0,0
1530014588,64.9,170.0,22.4,0.0,0.0,0.0,0.0,0.0,0.0,0
1530014659,64.9,170.0,22.4,0.0,0.0,0.0,0.0,0.0,0.0,0
1530016510,65.4,170.0,22.6,0.0,0.0,0.0,0.0,0.0,0.0,0
1530016745,64.9,170.0,22.4,0.0,0.0,0.0,0.0,0.0,0.0,0
1530030023,65.6,170.0,22.6,0.0,0.0,0.0,0.0,0.0,0.0,0
1530052697,65.1,170.0,22.5,0.0,0.0,0.0,0.0,0.0,0.0,0
1530056378,65.7,170.0,22.7,0.0,0.0,0.0,0.0,0.0,0.0,0
1530103019,64.4,170.0,22.2,0.0,0.0,0.0,0.0,0.0,0.0,0
1530103265,64.3,170.0,22.2,0.0,0.0,0.0,0.0,0.0,0.0,0
1530105241,64.1,170.0,22.1,0.0,0.0,0.0,0.0,0.0,0.0,0
1530105338,64.2,170.0,22.2,0.0,0.0,0.0,0.0,0.0,0.0,0
1530110768,64.9,170.0,22.4,0.0,0.0,0.0,0.0,0.0,0.0,0
1530139724,65.1,170.0,22.5,0.0,0.0,0.0,0.0,0.0,0.0,0
1530144499,65.5,170.0,22.6,0.0,0.0,0.0,0.0,0.0,0.0,0
1530189511,65.0,170.0,22.4,0.0,0.0,0.0,0.0,0.0,0.0,0
1530198072,65.0,170.0,22.4,0.0,0.0,0.0,0.0,0.0,0.0,0
1530224779,65.6,170.0,22.6,0.0,0.0,0.0,0.0,0.0,0.0,0
1530276525,64.8,170.0,22.4,0.0,0.0,0.0,0.0,0.0,0.0,0
1530278500,64.7,170.0,22.3,0.0,0.0,0.0,0.0,0.0,0.0,0
1530278546,64.6,170.0,22.3,0.0,0.0,0.0,0.0,0.0,0.0,0
1530284438,65.3,170.0,22.5,0.0,0.0,0.0,0.0,0.0,0.0,0
1530309734,65.0,170.0,22.4,0.0,0.0,0.0,0.0,0.0,0.0,0
1530326289,65.0,170.0,22.4,0.0,0.0,0.0,0.0,0.0,0.0,0
1530615412,66.0,170.0,22.8,0.0,0.0,0.0,0.0,0.0,0.0,0
1530623218,66.0,170.0,22.8,0.0,0.0,0.0,0.0,0.0,0.0,0
1530648922,66.0,170.0,22.8,0.0,0.0,0.0,0.0,0.0,0.0,0
1530706125,66.3,170.0,22.9,0.0,0.0,0.0,0.0,0.0,0.0,0
1530706565,65.6,170.0,22.6,0.0,0.0,0.0,0.0,0.0,0.0,0
1530748523,65.9,170.0,22.8,0.0,0.0,0.0,0.0,0.0,0.0,0
1530795154,65.1,170.0,22.5,0.0,0.0,0.0,0.0,0.0,0.0,0
1530808177,66.1,170.0,22.8,0.0,0.0,0.0,0.0,0.0,0.0,0
1530829541,66.1,170.0,22.8,0.0,0.0,0.0,0.0,0.0,0.0,0
1530829785,65.6,170.0,22.6,0.0,0.0,0.0,0.0,0.0,0.0,0
1530895449,66.1,170.0,22.8,0.0,0.0,0.0,0.0,0.0,0.0,0
1531141138,66.0,170.0,22.8,0.0,0.0,0.0,0.0,0.0,0.0,0
1531159767,66.2,170.0,22.9,0.0,0.0,0.0,0.0,0.0,0.0,0
1531178876,65.8,170.0,22.7,0.0,0.0,0.0,0.0,0.0,0.0,0
1531215993,64.9,170.0,22.4,0.0,0.0,0.0,0.0,0.0,0.0,0
1531236308,65.8,170.0,22.7,0.0,0.0,0.0,0.0,0.0,0.0,0
1531330416,64.5,170.0,22.3,0.0,0.0,0.0,0.0,0.0,0.0,0
1531406813,65.0,170.0,22.4,0.0,0.0,0.0,0.0,0.0,0.0,0
1531416097,65.1,170.0,22.5,0.0,0.0,0.0,0.0,0.0,0.0,0
1531435853,64.8,170.0,22.4,0.0,0.0,0.0,0.0,0.0,0.0,0
1531638788,64.4,170.0,22.2,0.0,0.0,0.0,0.0,0.0,0.0,0
1531647430,64.4,170.0,22.2,0.0,0.0,0.0,0.0,0.0,0.0,0
1531658241,63.8,170.0,22.0,0.0,0.0,0.0,0.0,0.0,0.0,0
1531680546,64.8,170.0,22.4,0.0,0.0,0.0,0.0,0.0,0.0,0
1531680904,63.7,170.0,22.0,0.0,0.0,0.0,0.0,0.0,0.0,0
1531688929,63.7,170.0,22.0,0.0,0.0,0.0,0.0,0.0,0.0,0
1531743659,64.6,170.0,22.3,0.0,0.0,0.0,0.0,0.0,0.0,0
1531758312,65.1,170.0,22.5,0.0,0.0,0.0,0.0,0.0,0.0,0
1531780325,64.8,170.0,22.4,0.0,0.0,0.0,0.0,0.0,0.0,0
1531830121,64.0,170.0,22.1,0.0,0.0,0.0,0.0,0.0,0.0,0
1531842354,64.0,170.0,22.1,0.0,0.0,0.0,0.0,0.0,0.0,0
1531843794,64.6,170.0,22.3,0.0,0.0,0.0,0.0,0.0,0.0,0
1531844112,63.9,170.0,22.1,0.0,0.0,0.0,0.0,0.0,0.0,0
1531865267,63.8,170.0,22.0,0.0,0.0,0.0,0.0,0.0,0.0,0
1531865344,63.8,170.0,22.0,0.0,0.0,0.0,0.0,0.0,0.0,0
1531865428,63.7,170.0,22.0,0.0,0.0,0.0,0.0,0.0,0.0,0
1531870875,64.0,170.0,22.1,0.0,0.0,0.0,0.0,0.0,0.0,0
1531916715,63.6,170.0,22.0,0.0,0.0,0.0,0.0,0.0,0.0,0
1531916802,63.5,170.0,21.9,0.0,0.0,0.0,0.0,0.0,0.0,0
1531916867,63.6,170.0,22.0,0.0,0.0,0.0,0.0,0.0,0.0,0
1531932563,63.3,170.0,21.9,0.0,0.0,0.0,0.0,0.0,0.0,0
1531932564,63.3,170.0,21.9,0.0,0.0,0.0,0.0,0.0,0.0,0
1531934742,64.0,170.0,22.1,0.0,0.0,0.0,0.0,0.0,0.0,0
1531935221,63.1,170.0,21.8,0.0,0.0,0.0,0.0,0.0,0.0,0
1531958512,63.2,170.0,21.8,0.0,0.0,0.0,0.0,0.0,0.0,0
1532000417,62.8,170.0,21.7,0.0,0.0,0.0,0.0,0.0,0.0,0
1532001622,63.6,170.0,22.0,0.0,0.0,0.0,0.0,0.0,0.0,0
1532002308,62.6,170.0,21.6,0.0,0.0,0.0,0.0,0.0,0.0,0
1532008270,62.6,170.0,21.6,0.0,0.0,0.0,0.0,0.0,0.0,0
1532013336,62.7,170.0,21.6,0.0,0.0,0.0,0.0,0.0,0.0,0
1532040835,63.1,170.0,21.8,0.0,0.0,0.0,0.0,0.0,0.0,0
1532040943,63.1,170.0,21.8,0.0,0.0,0.0,0.0,0.0,0.0,0
1532041664,63.1,170.0,21.8,0.0,0.0,0.0,0.0,0.0,0.0,0
1532081746,62.9,170.0,21.7,0.0,0.0,0.0,0.0,0.0,0.0,0
1532262982,63.3,170.0,21.9,0.0,0.0,0.0,0.0,0.0,0.0,0
1532264153,63.3,170.0,21.9,0.0,0.0,0.0,0.0,0.0,0.0,0
1532297075,63.9,170.0,22.1,0.0,0.0,0.0,0.0,0.0,0.0,0
1532347462,63.5,170.0,21.9,0.0,0.0,0.0,0.0,0.0,0.0,0
1532386552,63.9,170.0,22.1,0.0,0.0,0.0,0.0,0.0,0.0,0
1532394900,63.2,170.0,21.8,0.0,0.0,0.0,0.0,0.0,0.0,0
1532435257,63.4,170.0,21.9,0.0,0.0,0.0,0.0,0.0,0.0,0
1532436559,63.4,170.0,21.9,0.0,0.0,0.0,0.0,0.0,0.0,0
1532444088,64.0,170.0,22.1,0.0,0.0,0.0,0.0,0.0,0.0,0
1532472328,63.6,170.0,22.0,0.0,0.0,0.0,0.0,0.0,0.0,0
1532530477,63.7,170.0,22.0,0.0,0.0,0.0,0.0,0.0,0.0,0
1532541156,63.9,170.0,22.1,0.0,0.0,0.0,0.0,0.0,0.0,0
1532562438,64.4,170.0,22.2,0.0,0.0,0.0,0.0,0.0,0.0,0
1532614304,63.6,170.0,22.0,0.0,0.0,0.0,0.0,0.0,0.0,0
1532623478,63.6,170.0,22.0,0.0,0.0,0.0,0.0,0.0,0.0,0
1532647578,63.8,170.0,22.0,0.0,0.0,0.0,0.0,0.0,0.0,0
1532722609,64.1,170.0,22.1,0.0,0.0,0.0,0.0,0.0,0.0,0
1532868050,65.5,170.0,22.6,0.0,0.0,0.0,0.0,0.0,0.0,0
1532869206,65.9,170.0,22.8,0.0,0.0,0.0,0.0,0.0,0.0,0
1532882566,65.0,170.0,22.4,0.0,0.0,0.0,0.0,0.0,0.0,0
1532902347,64.9,170.0,22.4,0.0,0.0,0.0,0.0,0.0,0.0,0
1532949869,64.6,170.0,22.3,0.0,0.0,0.0,0.0,0.0,0.0,0
1532956600,64.6,170.0,22.3,0.0,0.0,0.0,0.0,0.0,0.0,0
1532987860,64.6,170.0,22.3,0.0,0.0,0.0,0.0,0.0,0.0,0
1533038730,64.3,170.0,22.2,0.0,0.0,0.0,0.0,0.0,0.0,0
1533040695,64.2,170.0,22.2,0.0,0.0,0.0,0.0,0.0,0.0,0
1533040809,64.2,170.0,22.2,0.0,0.0,0.0,0.0,0.0,0.0,0
1533046729,64.4,170.0,22.2,0.0,0.0,0.0,0.0,0.0,0.0,0
1533074707,64.9,170.0,22.4,0.0,0.0,0.0,0.0,0.0,0.0,0
1533074834,64.6,170.0,22.3,0.0,0.0,0.0,0.0,0.0,0.0,0
1533123522,64.6,170.0,22.3,0.0,0.0,0.0,0.0,0.0,0.0,0
1533131864,64.4,170.0,22.2,0.0,0.0,0.0,0.0,0.0,0.0,0
1533142369,64.2,170.0,22.2,0.0,0.0,0.0,0.0,0.0,0.0,0
1533161516,64.2,170.0,22.2,0.0,0.0,0.0,0.0,0.0,0.0,0
1533212854,63.9,170.0,22.1,0.0,0.0,0.0,0.0,0.0,0.0,0
1533220045,64.2,170.0,22.2,0.0,0.0,0.0,0.0,0.0,0.0,0
1533248099,64.0,170.0,22.1,0.0,0.0,0.0,0.0,0.0,0.0,0
1533472383,65.5,170.0,22.6,0.0,0.0,0.0,0.0,0.0,0.0,0
1533479561,65.5,170.0,22.6,0.0,0.0,0.0,0.0,0.0,0.0,0
1533506983,65.5,170.0,22.6,0.0,0.0,0.0,0.0,0.0,0.0,0
1533559453,65.1,170.0,22.5,0.0,0.0,0.0,0.0,0.0,0.0,0
1533559716,64.6,170.0,22.3,0.0,0.0,0.0,0.0,0.0,0.0,0
1533573148,65.0,170.0,22.4,0.0,0.0,0.0,0.0,0.0,0.0,0
1533593657,64.8,170.0,22.4,0.0,0.0,0.0,0.0,0.0,0.0,0
1533642928,64.2,170.0,22.2,0.0,0.0,0.0,0.0,0.0,0.0,0
1533650072,64.4,170.0,22.2,0.0,0.0,0.0,0.0,0.0,0.0,0
1533680234,64.9,170.0,22.4,0.0,0.0,0.0,0.0,0.0,0.0,0
1533726604,65.2,170.0,22.5,0.0,0.0,0.0,0.0,0.0,0.0,0
1533746926,65.0,170.0,22.4,0.0,0.0,0.0,0.0,0.0,0.0,0
1533767029,65.2,170.0,22.5,0.0,0.0,0.0,0.0,0.0,0.0,0
1533816483,64.9,170.0,22.4,0.0,0.0,0.0,0.0,0.0,0.0,0
1533832409,65.0,170.0,22.4,0.0,0.0,0.0,0.0,0.0,0.0,0
1533854495,65.0,170.0,22.4,0.0,0.0,0.0,0.0,0.0,0.0,0
1534069660,65.7,170.0,22.7,0.0,0.0,0.0,0.0,0.0,0.0,0
1534080032,65.4,170.0,22.6,0.0,0.0,0.0,0.0,0.0,0.0,0
1534111409,65.6,170.0,22.6,0.0,0.0,0.0,0.0,0.0,0.0,0
1534169602,65.4,170.0,22.6,0.0,0.0,0.0,0.0,0.0,0.0,0
1534178984,65.6,170.0,22.6,0.0,0.0,0.0,0.0,0.0,0.0,0
1534198342,66.0,170.0,22.8,0.0,0.0,0.0,0.0,0.0,0.0,0
1534249350,64.9,170.0,22.4,0.0,0.0,0.0,0.0,0.0,0.0,0
1534262920,65.7,170.0,22.7,0.0,0.0,0.0,0.0,0.0,0.0,0
1534292992,65.9,170.0,22.8,0.0,0.0,0.0,0.0,0.0,0.0,0
1534342889,64.4,170.0,22.2,0.0,0.0,0.0,0.0,0.0,0.0,0
1534354938,64.5,170.0,22.3,0.0,0.0,0.0,0.0,0.0,0.0,0
1534374529,64.3,170.0,22.2,0.0,0.0,0.0,0.0,0.0,0.0,0
1534420810,64.1,170.0,22.1,0.0,0.0,0.0,0.0,0.0,0.0,0
1534773565,64.6,170.0,22.3,0.0,0.0,0.0,0.0,0.0,0.0,0
1534804671,64.7,170.0,22.3,0.0,0.0,0.0,0.0,0.0,0.0,0
1534856946,64.4,170.0,22.2,0.0,0.0,0.0,0.0,0.0,0.0,0
1534856965,64.4,170.0,22.2,0.0,0.0,0.0,0.0,0.0,0.0,0
1534889609,65.1,170.0,22.5,0.0,0.0,0.0,0.0,0.0,0.0,0
1534941296,65.1,170.0,22.5,0.0,0.0,0.0,0.0,0.0,0.0,0
1534977135,65.1,170.0,22.5,0.0,0.0,0.0,0.0,0.0,0.0,0
1535065992,65.1,170.0,22.5,0.0,0.0,0.0,0.0,0.0,0.0,0
1535326783,65.4,170.0,22.6,0.0,0.0,0.0,0.0,0.0,0.0,0
1535379311,65.1,170.0,22.5,0.0,0.0,0.0,0.0,0.0,0.0,0
1535409014,65.1,170.0,22.5,0.0,0.0,0.0,0.0,0.0,0.0,0
1535456634,65.0,170.0,22.4,0.0,0.0,0.0,0.0,0.0,0.0,0
1535496649,65.4,170.0,22.6,0.0,0.0,0.0,0.0,0.0,0.0,0
1535725369,66.1,170.0,22.8,0.0,0.0,0.0,0.0,0.0,0.0,0
1535890677,65.7,170.0,22.7,0.0,0.0,0.0,0.0,0.0,0.0,0
1535929995,65.9,170.0,22.8,0.0,0.0,0.0,0.0,0.0,0.0,0
1536065642,66.5,170.0,23.0,0.0,0.0,0.0,0.0,0.0,0.0,0
1536107040,67.0,170.0,23.1,0.0,0.0,0.0,0.0,0.0,0.0,0
1536155184,66.5,170.0,23.0,0.0,0.0,0.0,0.0,0.0,0.0,0
1536185704,66.4,170.0,22.9,0.0,0.0,0.0,0.0,0.0,0.0,0
1536592703,66.6,170.0,23.0,0.0,0.0,0.0,0.0,0.0,0.0,0
1536618721,66.2,170.0,22.9,0.0,0.0,0.0,0.0,0.0,0.0,0
1536623672,66.4,170.0,22.9,0.0,0.0,0.0,0.0,0.0,0.0,0
1536678156,65.1,170.0,22.5,0.0,0.0,0.0,0.0,0.0,0.0,0
1536750259,65.5,170.0,22.6,0.0,0.0,0.0,0.0,0.0,0.0,0
1536793647,66.1,170.0,22.8,0.0,0.0,0.0,0.0,0.0,0.0,0
1536878495,66.9,170.0,23.1,0.0,0.0,0.0,0.0,0.0,0.0,0
1536921752,66.8,170.0,23.1,0.0,0.0,0.0,0.0,0.0,0.0,0
1536969961,66.5,170.0,23.0,0.0,0.0,0.0,0.0,0.0,0.0,0
1537118540,65.6,170.0,22.6,0.0,0.0,0.0,0.0,0.0,0.0,0
1537136658,65.7,170.0,22.7,0.0,0.0,0.0,0.0,0.0,0.0,0
1537283536,66.5,170.0,23.0,0.0,0.0,0.0,0.0,0.0,0.0,0
1537444238,67.1,170.0,23.2,0.0,0.0,0.0,0.0,0.0,0.0,0
1537444536,66.5,170.0,23.0,0.0,0.0,0.0,0.0,0.0,0.0,0
1537455019,67.0,170.0,23.1,0.0,0.0,0.0,0.0,0.0,0.0,0
1537915094,67.8,170.0,23.4,0.0,0.0,0.0,0.0,0.0,0.0,0
1538003391,67.9,170.0,23.4,0.0,0.0,0.0,0.0,0.0,0.0,0
1538087275,68.6,170.0,23.7,0.0,0.0,0.0,0.0,0.0,0.0,0
1538303408,68.6,170.0,23.7,0.0,0.0,0.0,0.0,0.0,0.0,0
1538316319,68.8,170.0,23.8,0.0,0.0,0.0,0.0,0.0,0.0,0
1538348770,68.8,170.0,23.8,0.0,0.0,0.0,0.0,0.0,0.0,0
1538404384,68.2,170.0,23.5,0.0,0.0,0.0,0.0,0.0,0.0,0
1538404390,68.2,170.0,23.5,0.0,0.0,0.0,0.0,0.0,0.0,0
1538414533,68.5,170.0,23.7,0.0,0.0,0.0,0.0,0.0,0.0,0
1538489036,68.3,170.0,23.6,0.0,0.0,0.0,0.0,0.0,0.0,0
1538521815,68.2,170.0,23.5,0.0,0.0,0.0,0.0,0.0,0.0,0
1538571516,68.5,170.0,23.7,0.0,0.0,0.0,0.0,0.0,0.0,0
1538654668,68.6,170.0,23.7,0.0,0.0,0.0,0.0,0.0,0.0,0
1538910495,68.9,170.0,23.8,0.0,0.0,0.0,0.0,0.0,0.0,0
1538953557,69.1,170.0,23.9,0.0,0.0,0.0,0.0,0.0,0.0,0
1539003120,68.5,170.0,23.7,0.0,0.0,0.0,0.0,0.0,0.0,0
1539523982,69.1,170.0,23.9,0.0,0.0,0.0,0.0,0.0,0.0,0
1539648044,69.0,170.0,23.8,0.0,0.0,0.0,0.0,0.0,0.0,0
1539729322,69.0,170.0,23.8,0.0,0.0,0.0,0.0,0.0,0.0,0
1539798245,70.1,170.0,24.2,0.0,0.0,0.0,0.0,0.0,0.0,0
1539865330,69.9,170.0,24.1,0.0,0.0,0.0,0.0,0.0,0.0,0
1539976314,70.1,170.0,24.2,0.0,0.0,0.0,0.0,0.0,0.0,0
1540130106,69.5,170.0,24.0,0.0,0.0,0.0,0.0,0.0,0.0,0
1540208378,69.2,170.0,23.9,0.0,0.0,0.0,0.0,0.0,0.0,0
1540311162,68.3,170.0,23.6,0.0,0.0,0.0,0.0,0.0,0.0,0
1540322929,68.3,170.0,23.6,0.0,0.0,0.0,0.0,0.0,0.0,0
1540338616,68.3,170.0,23.6,0.0,0.0,0.0,0.0,0.0,0.0,0
1540338637,68.3,170.0,23.6,0.0,0.0,0.0,0.0,0.0,0.0,0
1540383018,68.1,170.0,23.5,0.0,0.0,0.0,0.0,0.0,0.0,0
1540392551,67.7,170.0,23.4,0.0,0.0,0.0,0.0,0.0,0.0,0
1540420164,68.1,170.0,23.5,0.0,0.0,0.0,0.0,0.0,0.0,0
1540470592,68.1,170.0,23.5,0.0,0.0,0.0,0.0,0.0,0.0,0
1540472184,68.0,170.0,23.5,0.0,0.0,0.0,0.0,0.0,0.0,0
1540492270,68.4,170.0,23.6,0.0,0.0,0.0,0.0,0.0,0.0,0
1540507097,68.3,170.0,23.6,0.0,0.0,0.0,0.0,0.0,0.0,0
1540508785,68.3,170.0,23.6,0.0,0.0,0.0,0.0,0.0,0.0,0
1540566328,68.3,170.0,23.6,0.0,0.0,0.0,0.0,0.0,0.0,0
1540575281,68.7,170.0,23.7,0.0,0.0,0.0,0.0,0.0,0.0,0
1540604421,68.0,170.0,23.5,0.0,0.0,0.0,0.0,0.0,0.0,0
1540739517,69.9,170.0,24.1,0.0,0.0,0.0,0.0,0.0,0.0,0
1540770087,69.9,170.0,24.1,0.0,0.0,0.0,0.0,0.0,0.0,0
1540856531,69.8,170.0,24.1,0.0,0.0,0.0,0.0,0.0,0.0,0
1540944576,68.6,170.0,23.7,0.0,0.0,0.0,0.0,0.0,0.0,0
1541037430,67.8,170.0,23.4,0.0,0.0,0.0,0.0,0.0,0.0,0
1541077340,67.7,170.0,23.4,0.0,0.0,0.0,0.0,0.0,0.0,0
1541080977,67.5,170.0,23.3,0.0,0.0,0.0,0.0,0.0,0.0,0
1541352016,69.1,170.0,23.9,0.0,0.0,0.0,0.0,0.0,0.0,0
1541416818,68.5,170.0,23.7,0.0,0.0,0.0,0.0,0.0,0.0,0
1541416823,68.5,170.0,23.7,0.0,0.0,0.0,0.0,0.0,0.0,0
1541456450,69.3,170.0,23.9,0.0,0.0,0.0,0.0,0.0,0.0,0
1541506353,68.5,170.0,23.7,0.0,0.0,0.0,0.0,0.0,0.0,0
1541608780,68.2,170.0,23.5,0.0,0.0,0.0,0.0,0.0,0.0,0
1541983374,68.2,170.0,23.5,0.0,0.0,0.0,0.0,0.0,0.0,0
1542020692,67.7,170.0,23.4,0.0,0.0,0.0,0.0,0.0,0.0,0
1542023077,68.4,170.0,23.6,0.0,0.0,0.0,0.0,0.0,0.0,0
1542029050,67.6,170.0,23.3,0.0,0.0,0.0,0.0,0.0,0.0,0
1542068213,67.5,170.0,23.3,0.0,0.0,0.0,0.0,0.0,0.0,0
1542110033,68.0,170.0,23.5,0.0,0.0,0.0,0.0,0.0,0.0,0
1542148764,67.5,170.0,23.3,0.0,0.0,0.0,0.0,0.0,0.0,0
1542199016,67.3,170.0,23.2,0.0,0.0,0.0,0.0,0.0,0.0,0
1542199849,68.0,170.0,23.5,0.0,0.0,0.0,0.0,0.0,0.0,0
1542236762,67.6,170.0,23.3,0.0,0.0,0.0,0.0,0.0,0.0,0
1542323458,68.4,170.0,23.6,0.0,0.0,0.0,0.0,0.0,0.0,0
1542579892,70.2,170.0,24.2,0.0,0.0,0.0,0.0,0.0,0.0,0
1542672893,69.6,170.0,24.0,0.0,0.0,0.0,0.0,0.0,0.0,0
1542714122,68.5,170.0,23.7,0.0,0.0,0.0,0.0,0.0,0.0,0
1542759308,69.3,170.0,23.9,0.0,0.0,0.0,0.0,0.0,0.0,0
1542818242,68.1,170.0,23.5,0.0,0.0,0.0,0.0,0.0,0.0,0
1542896120,67.6,170.0,23.3,0.0,0.0,0.0,0.0,0.0,0.0,0
1543191181,69.4,170.0,24.0,0.0,0.0,0.0,0.0,0.0,0.0,0
1543253677,68.7,170.0,23.7,0.0,0.0,0.0,0.0,0.0,0.0,0
1543363958,68.3,170.0,23.6,0.0,0.0,0.0,0.0,0.0,0.0,0
1543878338,69.7,170.0,24.1,0.0,0.0,0.0,0.0,0.0,0.0,0
1543963273,69.7,170.0,24.1,0.0,0.0,0.0,0.0,0.0,0.0,0
1544055473,68.7,170.0,23.7,0.0,0.0,0.0,0.0,0.0,0.0,0
1544394091,70.5,170.0,24.3,0.0,0.0,0.0,0.0,0.0,0.0,0
1544460364,70.1,170.0,24.2,0.0,0.0,0.0,0.0,0.0,0.0,0
1544539208,69.4,170.0,24.0,0.0,0.0,0.0,0.0,0.0,0.0,0
1544573693,69.7,170.0,24.1,0.0,0.0,0.0,0.0,0.0,0.0,0
1544624909,68.9,170.0,23.8,0.0,0.0,0.0,0.0,0.0,0.0,0
1544660296,69.4,170.0,24.0,0.0,0.0,0.0,0.0,0.0,0.0,0
1545005592,70.3,170.0,24.3,0.0,0.0,0.0,0.0,0.0,0.0,0
1545950561,70.3,170.0,24.3,0.0,0.0,0.0,0.0,0.0,0.0,0
1546347026,71.7,170.0,24.8,0.0,0.0,0.0,0.0,0.0,0.0,0
1546767787,71.7,170.0,24.8,0.0,0.0,0.0,0.0,0.0,0.0,0
1546821371,71.7,170.0,24.8,0.0,0.0,0.0,0.0,0.0,0.0,0
1546856102,71.0,170.0,24.5,0.0,0.0,0.0,0.0,0.0,0.0,0
1546906534,71.3,170.0,24.6,0.0,0.0,0.0,0.0,0.0,0.0,0
1546960379,71.0,170.0,24.5,0.0,0.0,0.0,0.0,0.0,0.0,0
1547120897,69.8,170.0,24.1,0.0,0.0,0.0,0.0,0.0,0.0,0
1547131371,70.1,170.0,24.2,0.0,0.0,0.0,0.0,0.0,0.0,0
1547388388,71.5,170.0,24.7,0.0,0.0,0.0,0.0,0.0,0.0,0
1547481199,71.4,170.0,24.7,0.0,0.0,0.0,0.0,0.0,0.0,0
1547511396,71.9,170.0,24.8,0.0,0.0,0.0,0.0,0.0,0.0,0
1547731320,71.1,170.0,24.6,0.0,0.0,0.0,0.0,0.0,0.0,0
1548000834,71.1,170.0,24.6,0.0,0.0,0.0,0.0,0.0,0.0,0
1548089642,71.2,170.0,24.6,0.0,0.0,0.0,0.0,0.0,0.0,0
1548171778,70.8,170.0,24.4,0.0,0.0,0.0,0.0,0.0,0.0,0
1548262428,71.0,170.0,24.5,0.0,0.0,0.0,0.0,0.0,0.0,0
1548348212,70.7,170.0,24.4,0.0,0.0,0.0,0.0,0.0,0.0,0
1548371553,70.6,170.0,24.4,0.0,0.0,0.0,0.0,0.0,0.0,0
1548604121,71.0,170.0,24.5,0.0,0.0,0.0,0.0,0.0,0.0,0
1548772813,70.5,170.0,24.3,0.0,0.0,0.0,0.0,0.0,0.0,0
1549211307,71.4,170.0,24.7,0.0,0.0,0.0,0.0,0.0,0.0,0
1549632600,72.1,170.0,24.9,0.0,0.0,0.0,0.0,0.0,0.0,0
1549704658,71.3,170.0,24.6,0.0,0.0,0.0,0.0,0.0,0.0,0
1549797775,72.0,170.0,24.9,0.0,0.0,0.0,0.0,0.0,0.0,0
1549843802,72.4,170.0,25.0,0.0,0.0,0.0,0.0,0.0,0.0,0
1549926564,73.1,170.0,25.2,0.0,0.0,0.0,0.0,0.0,0.0,0
1550448787,73.1,170.0,25.2,0.0,0.0,0.0,0.0,0.0,0.0,0
1550491061,71.9,170.0,24.8,0.0,0.0,0.0,0.0,0.0,0.0,0
1550575948,71.0,170.0,24.5,0.0,0.0,0.0,0.0,0.0,0.0,0
1550575986,71.1,170.0,24.6,0.0,0.0,0.0,0.0,0.0,0.0,0
1550587815,70.9,170.0,24.5,0.0,0.0,0.0,0.0,0.0,0.0,0
1550622066,71.4,170.0,24.7,0.0,0.0,0.0,0.0,0.0,0.0,0
1550661704,71.0,170.0,24.5,0.0,0.0,0.0,0.0,0.0,0.0,0
1550763685,71.0,170.0,24.5,0.0,0.0,0.0,0.0,0.0,0.0,0
1550789311,71.7,170.0,24.8,0.0,0.0,0.0,0.0,0.0,0.0,0
1550834620,70.9,170.0,24.5,0.0,0.0,0.0,0.0,0.0,0.0,0
1550834790,70.7,170.0,24.4,0.0,0.0,0.0,0.0,0.0,0.0,0
1551007282,71.6,170.0,24.7,0.0,0.0,0.0,0.0,0.0,0.0,0
1551093432,71.5,170.0,24.7,0.0,0.0,0.0,0.0,0.0,0.0,0
1551139569,72.0,170.0,24.9,0.0,0.0,0.0,0.0,0.0,0.0,0
1551181499,71.6,170.0,24.7,0.0,0.0,0.0,0.0,0.0,0.0,0
1551190813,71.8,170.0,24.8,0.0,0.0,0.0,0.0,0.0,0.0,0
1551226847,71.9,170.0,24.8,0.0,0.0,0.0,0.0,0.0,0.0,0
1551266884,71.6,170.0,24.7,0.0,0.0,0.0,0.0,0.0,0.0,0
1551267039,71.3,170.0,24.6,0.0,0.0,0.0,0.0,0.0,0.0,0
1551606882,72.9,170.0,25.2,0.0,0.0,0.0,0.0,0.0,0.0,0
1551652912,72.6,170.0,25.1,0.0,0.0,0.0,0.0,0.0,0.0,0
1551698049,72.5,170.0,25.0,0.0,0.0,0.0,0.0,0.0,0.0,0
1551708863,72.7,170.0,25.1,0.0,0.0,0.0,0.0,0.0,0.0,0
1551785119,71.8,170.0,24.8,0.0,0.0,0.0,0.0,0.0,0.0,0
1551826071,72.1,170.0,24.9,0.0,0.0,0.0,0.0,0.0,0.0,0
1551831636,72.3,170.0,25.0,0.0,0.0,0.0,0.0,0.0,0.0,0
1551893365,72.3,170.0,25.0,0.0,0.0,0.0,0.0,0.0,0.0,0
1552263261,72.3,170.0,25.0,0.0,0.0,0.0,0.0,0.0,0.0,0
1552306658,72.3,170.0,25.0,0.0,0.0,0.0,0.0,0.0,0.0,0
1552349709,72.7,170.0,25.1,0.0,0.0,0.0,0.0,0.0,0.0,0
1552392315,72.5,170.0,25.0,0.0,0.0,0.0,0.0,0.0,0.0,0
1552436146,72.9,170.0,25.2,0.0,0.0,0.0,0.0,0.0,0.0,0
1552477768,73.0,170.0,25.2,0.0,0.0,0.0,0.0,0.0,0.0,0
1552567356,72.6,170.0,25.1,0.0,0.0,0.0,0.0,0.0,0.0,0
1552609114,72.8,170.0,25.1,0.0,0.0,0.0,0.0,0.0,0.0,0
1552835698,73.7,170.0,25.5,0.0,0.0,0.0,0.0,0.0,0.0,0
1552864036,73.2,170.0,25.3,0.0,0.0,0.0,0.0,0.0,0.0,0
1552956765,73.4,170.0,25.3,0.0,0.0,0.0,0.0,0.0,0.0,0
1553168456,72.3,170.0,25.0,0.0,0.0,0.0,0.0,0.0,0.0,0
1553468814,73.1,170.0,25.2,0.0,0.0,0.0,0.0,0.0,0.0,0
1553536012,73.4,170.0,25.3,0.0,0.0,0.0,0.0,0.0,0.0,0
1553559423,73.3,170.0,25.3,0.0,0.0,0.0,0.0,0.0,0.0,0
1553607403,72.7,170.0,25.1,0.0,0.0,0.0,0.0,0.0,0.0,0
1553709661,72.7,170.0,25.1,0.0,0.0,0.0,0.0,0.0,0.0,0
1553789887,73.4,170.0,25.3,0.0,0.0,0.0,0.0,0.0,0.0,0
1554246539,73.4,170.0,25.3,0.0,0.0,0.0,0.0,0.0,0.0,0
1554367985,71.7,170.0,24.8,0.0,0.0,0.0,0.0,0.0,0.0,0
1554568812,72.7,170.0,25.1,0.0,0.0,0.0,0.0,0.0,0.0,0
1554722413,71.9,170.0,24.8,0.0,0.0,0.0,0.0,0.0,0.0,0
1554722414,71.9,170.0,24.8,0.0,0.0,0.0,0.0,0.0,0.0,0
1554805859,71.5,170.0,24.7,0.0,0.0,0.0,0.0,0.0,0.0,0
1554823124,71.5,170.0,24.7,0.0,0.0,0.0,0.0,0.0,0.0,0
1554846080,71.3,170.0,24.6,0.0,0.0,0.0,0.0,0.0,0.0,0
1554891219,70.8,170.0,24.4,0.0,0.0,0.0,0.0,0.0,0.0,0
1554906983,71.2,170.0,24.6,0.0,0.0,0.0,0.0,0.0,0.0,0
1554933240,70.8,170.0,24.4,0.0,0.0,0.0,0.0,0.0,0.0,0
1554994568,70.8,170.0,24.4,0.0,0.0,0.0,0.0,0.0,0.0,0
1554995111,70.2,170.0,24.2,0.0,0.0,0.0,0.0,0.0,0.0,0
1555005293,70.2,170.0,24.2,0.0,0.0,0.0,0.0,0.0,0.0,0
1555022619,70.1,170.0,24.2,0.0,0.0,0.0,0.0,0.0,0.0,0
1555063530,69.9,170.0,24.1,0.0,0.0,0.0,0.0,0.0,0.0,0
1555251726,73.0,170.0,25.2,0.0,0.0,0.0,0.0,0.0,0.0,0
1555323994,71.6,170.0,24.7,0.0,0.0,0.0,0.0,0.0,0.0,0
1555324725,72.0,170.0,24.9,0.0,0.0,0.0,0.0,0.0,0.0,0
1555344861,71.8,170.0,24.8,0.0,0.0,0.0,0.0,0.0,0.0,0
1555454584,72.2,170.0,24.9,0.0,0.0,0.0,0.0,0.0,0.0,0
1555499166,71.2,170.0,24.6,0.0,0.0,0.0,0.0,0.0,0.0,0
1555500478,71.8,170.0,24.8,0.0,0.0,0.0,0.0,0.0,0.0,0
1555513017,71.3,170.0,24.6,0.0,0.0,0.0,0.0,0.0,0.0,0
1555585478,70.9,170.0,24.5,0.0,0.0,0.0,0.0,0.0,0.0,0
1555606607,70.9,170.0,24.5,0.0,0.0,0.0,0.0,0.0,0.0,0
1555627676,70.9,170.0,24.5,0.0,0.0,0.0,0.0,0.0,0.0,0
1555841245,71.7,170.0,24.8,0.0,0.0,0.0,0.0,0.0,0.0,0
1555888277,71.5,170.0,24.7,0.0,0.0,0.0,0.0,0.0,0.0,0
1555888316,71.4,170.0,24.7,0.0,0.0,0.0,0.0,0.0,0.0,0
1555930325,70.6,170.0,24.4,0.0,0.0,0.0,0.0,0.0,0.0,0
1555950326,70.9,170.0,24.5,0.0,0.0,0.0,0.0,0.0,0.0,0
1555978295,71.0,170.0,24.5,0.0,0.0,0.0,0.0,0.0,0.0,0
1556035325,71.0,170.0,24.5,0.0,0.0,0.0,0.0,0.0,0.0,0
1556441583,71.5,170.0,24.7,0.0,0.0,0.0,0.0,0.0,0.0,0
1556447963,71.2,170.0,24.6,0.0,0.0,0.0,0.0,0.0,0.0,0
1556468399,71.5,170.0,24.7,0.0,0.0,0.0,0.0,0.0,0.0,0
1556493116,71.0,170.0,24.5,0.0,0.0,0.0,0.0,0.0,0.0,0
1556542306,70.0,170.0,24.2,0.0,0.0,0.0,0.0,0.0,0.0,0
1556542492,69.5,170.0,24.0,0.0,0.0,0.0,0.0,0.0,0.0,0
1556552840,69.8,170.0,24.1,0.0,0.0,0.0,0.0,0.0,0.0,0
1556559290,69.6,170.0,24.0,0.0,0.0,0.0,0.0,0.0,0.0,0
1556578379,69.3,170.0,23.9,0.0,0.0,0.0,0.0,0.0,0.0,0
1556580090,69.3,170.0,23.9,0.0,0.0,0.0,0.0,0.0,0.0,0
1556584917,69.0,170.0,23.8,0.0,0.0,0.0,0.0,0.0,0.0,0
1556628349,68.5,170.0,23.7,0.0,0.0,0.0,0.0,0.0,0.0,0
1556642322,69.3,170.0,23.9,0.0,0.0,0.0,0.0,0.0,0.0,0
1556642837,68.3,170.0,23.6,0.0,0.0,0.0,0.0,0.0,0.0,0
1556647685,68.8,170.0,23.8,0.0,0.0,0.0,0.0,0.0,0.0,0
1556682278,68.2,170.0,23.5,0.0,0.0,0.0,0.0,0.0,0.0,0
1556704561,68.2,170.0,23.5,0.0,0.0,0.0,0.0,0.0,0.0,0
1556718420,69.0,170.0,23.8,0.0,0.0,0.0,0.0,0.0,0.0,0
1556729026,68.8,170.0,23.8,0.0,0.0,0.0,0.0,0.0,0.0,0
1556750765,69.3,170.0,23.9,0.0,0.0,0.0,0.0,0.0,0.0,0
1556750872,69.1,170.0,23.9,0.0,0.0,0.0,0.0,0.0,0.0,0
1556759571,69.4,170.0,24.0,0.0,0.0,0.0,0.0,0.0,0.0,0
1556797006,68.6,170.0,23.7,0.0,0.0,0.0,0.0,0.0,0.0,0
1556799600,68.6,170.0,23.7,0.0,0.0,0.0,0.0,0.0,0.0,0
1556822160,67.9,170.0,23.4,0.0,0.0,0.0,0.0,0.0,0.0,0
1556838619,68.1,170.0,23.5,0.0,0.0,0.0,0.0,0.0,0.0,0
1556842589,68.4,170.0,23.6,0.0,0.0,0.0,0.0,0.0,0.0,0
1556905024,69.3,170.0,23.9,0.0,0.0,0.0,0.0,0.0,0.0,0
1556915950,68.7,170.0,23.7,0.0,0.0,0.0,0.0,0.0,0.0,0
1556946512,68.5,170.0,23.7,0.0,0.0,0.0,0.0,0.0,0.0,0
1556956216,68.8,170.0,23.8,0.0,0.0,0.0,0.0,0.0,0.0,0
1556962507,68.8,170.0,23.8,0.0,0.0,0.0,0.0,0.0,0.0,0
1556983393,68.8,170.0,23.8,0.0,0.0,0.0,0.0,0.0,0.0,0
1557012195,69.0,170.0,23.8,0.0,0.0,0.0,0.0,0.0,0.0,0
1557012317,68.8,170.0,23.8,0.0,0.0,0.0,0.0,0.0,0.0,0
1557023073,68.8,170.0,23.8,0.0,0.0,0.0,0.0,0.0,0.0,0
1557051869,68.2,170.0,23.5,0.0,0.0,0.0,0.0,0.0,0.0,0
1557074786,68.4,170.0,23.6,0.0,0.0,0.0,0.0,0.0,0.0,0
1557095249,68.5,170.0,23.7,0.0,0.0,0.0,0.0,0.0,0.0,0
1557095293,68.8,170.0,23.8,0.0,0.0,0.0,0.0,0.0,0.0,0
1557148125,68.1,170.0,23.5,0.0,0.0,0.0,0.0,0.0,0.0,0
1557165695,67.7,170.0,23.4,0.0,0.0,0.0,0.0,0.0,0.0,0
1557183002,68.2,170.0,23.5,0.0,0.0,0.0,0.0,0.0,0.0,0
1557189497,68.0,170.0,23.5,0.0,0.0,0.0,0.0,0.0,0.0,0
1557234711,67.9,170.0,23.4,0.0,0.0,0.0,0.0,0.0,0.0,0
1557248852,67.9,170.0,23.4,0.0,0.0,0.0,0.0,0.0,0.0,0
1557269222,67.9,170.0,23.4,0.0,0.0,0.0,0.0,0.0,0.0,0
1557269297,67.7,170.0,23.4,0.0,0.0,0.0,0.0,0.0,0.0,0
1557276510,67.7,170.0,23.4,0.0,0.0,0.0,0.0,0.0,0.0,0
1557313750,67.4,170.0,23.3,0.0,0.0,0.0,0.0,0.0,0.0,0
1557329962,67.7,170.0,23.4,0.0,0.0,0.0,0.0,0.0,0.0,0
1557341510,67.7,170.0,23.4,0.0,0.0,0.0,0.0,0.0,0.0,0
1557355792,67.7,170.0,23.4,0.0,0.0,0.0,0.0,0.0,0.0,0
1557362217,67.8,170.0,23.4,0.0,0.0,0.0,0.0,0.0,0.0,0
1557400365,67.4,170.0,23.3,0.0,0.0,0.0,0.0,0.0,0.0,0
1557400741,67.2,170.0,23.2,0.0,0.0,0.0,0.0,0.0,0.0,0
1557403707,67.3,170.0,23.2,0.0,0.0,0.0,0.0,0.0,0.0,0
1557420889,67.4,170.0,23.3,0.0,0.0,0.0,0.0,0.0,0.0,0
1557442088,67.4,170.0,23.3,0.0,0.0,0.0,0.0,0.0,0.0,0
1557447452,67.4,170.0,23.3,0.0,0.0,0.0,0.0,0.0,0.0,0
1557657657,68.1,170.0,23.5,0.0,0.0,0.0,0.0,0.0,0.0,0
1557664760,68.1,170.0,23.5,0.0,0.0,0.0,0.0,0.0,0.0,0
1557701218,68.4,170.0,23.6,0.0,0.0,0.0,0.0,0.0,0.0,0
1557745421,68.7,170.0,23.7,0.0,0.0,0.0,0.0,0.0,0.0,0
1557751858,68.7,170.0,23.7,0.0,0.0,0.0,0.0,0.0,0.0,0
1557765421,69.0,170.0,23.8,0.0,0.0,0.0,0.0,0.0,0.0,0
1557787390,68.7,170.0,23.7,0.0,0.0,0.0,0.0,0.0,0.0,0
1557794621,68.5,170.0,23.7,0.0,0.0,0.0,0.0,0.0,0.0,0
1557834147,67.5,170.0,23.3,0.0,0.0,0.0,0.0,0.0,0.0,0
1557852401,67.8,170.0,23.4,0.0,0.0,0.0,0.0,0.0,0.0,0
1557929041,68.9,170.0,23.8,0.0,0.0,0.0,0.0,0.0,0.0,0
1557936714,69.0,170.0,23.8,0.0,0.0,0.0,0.0,0.0,0.0,0
1557960170,69.7,170.0,24.1,0.0,0.0,0.0,0.0,0.0,0.0,0
1557960331,69.6,170.0,24.0,0.0,0.0,0.0,0.0,0.0,0.0,0
1558009817,68.4,170.0,23.6,0.0,0.0,0.0,0.0,0.0,0.0,0
1558023869,68.2,170.0,23.5,0.0,0.0,0.0,0.0,0.0,0.0,0
1558023872,68.2,170.0,23.5,0.0,0.0,0.0,0.0,0.0,0.0,0
1558046938,68.1,170.0,23.5,0.0,0.0,0.0,0.0,0.0,0.0,0
1558266985,67.3,170.0,23.2,0.0,0.0,0.0,0.0,0.0,0.0,0
1558278348,67.4,170.0,23.3,0.0,0.0,0.0,0.0,0.0,0.0,0
1558302287,67.8,170.0,23.4,0.0,0.0,0.0,0.0,0.0,0.0,0
1558307954,67.8,170.0,23.4,0.0,0.0,0.0,0.0,0.0,0.0,0
1558350810,67.2,170.0,23.2,0.0,0.0,0.0,0.0,0.0,0.0,0
1558365482,67.5,170.0,23.3,0.0,0.0,0.0,0.0,0.0,0.0,0
1558373945,67.7,170.0,23.4,0.0,0.0,0.0,0.0,0.0,0.0,0
1558393598,67.8,170.0,23.4,0.0,0.0,0.0,0.0,0.0,0.0,0
1558399382,67.8,170.0,23.4,0.0,0.0,0.0,0.0,0.0,0.0,0
1558436085,67.1,170.0,23.2,0.0,0.0,0.0,0.0,0.0,0.0,0
1558442241,67.4,170.0,23.3,0.0,0.0,0.0,0.0,0.0,0.0,0
1558457793,67.7,170.0,23.4,0.0,0.0,0.0,0.0,0.0,0.0,0
1558478979,67.9,170.0,23.4,0.0,0.0,0.0,0.0,0.0,0.0,0
1558479076,67.7,170.0,23.4,0.0,0.0,0.0,0.0,0.0,0.0,0
1558530823,66.8,170.0,23.1,0.0,0.0,0.0,0.0,0.0,0.0,0
1558548806,67.3,170.0,23.2,0.0,0.0,0.0,0.0,0.0,0.0,0
1558570286,67.3,170.0,23.2,0.0,0.0,0.0,0.0,0.0,0.0,0
1558574243,67.4,170.0,23.3,0.0,0.0,0.0,0.0,0.0,0.0,0
1558618274,66.7,170.0,23.0,0.0,0.0,0.0,0.0,0.0,0.0,0
1558624249,67.0,170.0,23.1,0.0,0.0,0.0,0.0,0.0,0.0,0
1558651835,66.7,170.0,23.0,0.0,0.0,0.0,0.0,0.0,0.0,0
1558658616,66.5,170.0,23.0,0.0,0.0,0.0,0.0,0.0,0.0,0
1558696166,66.2,170.0,22.9,0.0,0.0,0.0,0.0,0.0,0.0,0
1558747384,66.5,170.0,23.0,0.0,0.0,0.0,0.0,0.0,0.0,0
1558875502,66.3,170.0,22.9,0.0,0.0,0.0,0.0,0.0,0.0,0
1558888242,67.2,170.0,23.2,0.0,0.0,0.0,0.0,0.0,0.0,0
1558912037,67.2,170.0,23.2,0.0,0.0,0.0,0.0,0.0,0.0,0
1558917552,67.3,170.0,23.2,0.0,0.0,0.0,0.0,0.0,0.0,0
1558956747,66.5,170.0,23.0,0.0,0.0,0.0,0.0,0.0,0.0,0
1558993096,66.9,170.0,23.1,0.0,0.0,0.0,0.0,0.0,0.0,0
1558997166,67.3,170.0,23.2,0.0,0.0,0.0,0.0,0.0,0.0,0
1559047061,66.2,170.0,22.9,0.0,0.0,0.0,0.0,0.0,0.0,0
1559058558,66.7,170.0,23.0,0.0,0.0,0.0,0.0,0.0,0.0,0
1559083560,66.8,170.0,23.1,0.0,0.0,0.0,0.0,0.0,0.0,0
1559090876,66.8,170.0,23.1,0.0,0.0,0.0,0.0,0.0,0.0,0
1559132653,66.8,170.0,23.1,0.0,0.0,0.0,0.0,0.0,0.0,0
1559169693,66.8,170.0,23.1,0.0,0.0,0.0,0.0,0.0,0.0,0
1559176984,67.1,170.0,23.2,0.0,0.0,0.0,0.0,0.0,0.0,0
1559223742,67.4,170.0,23.3,0.0,0.0,0.0,0.0,0.0,0.0,0
1559260553,67.4,170.0,23.3,0.0,0.0,0.0,0.0,0.0,0.0,0
1559480492,67.3,170.0,23.2,0.0,0.0,0.0,0.0,0.0,0.0,0
1559522159,67.1,170.0,23.2,0.0,0.0,0.0,0.0,0.0,0.0,0
1559576359,67.6,170.0,23.3,0.0,0.0,0.0,0.0,0.0,0.0,0
1559644799,67.5,170.0,23.3,0.0,0.0,0.0,0.0,0.0,0.0,0
1559695789,68.2,170.0,23.5,0.0,0.0,0.0,0.0,0.0,0.0,0
1559745037,68.2,170.0,23.5,0.0,0.0,0.0,0.0,0.0,0.0,0
1559782248,68.4,170.0,23.6,0.0,0.0,0.0,0.0,0.0,0.0,0
1560092351,69.5,170.0,24.0,0.0,0.0,0.0,0.0,0.0,0.0,0
1560092968,69.7,170.0,24.1,0.0,0.0,0.0,0.0,0.0,0.0,0
1560126387,69.5,170.0,24.0,0.0,0.0,0.0,0.0,0.0,0.0,0
1560173049,68.9,170.0,23.8,0.0,0.0,0.0,0.0,0.0,0.0,0
1560303231,69.2,170.0,23.9,0.0,0.0,0.0,0.0,0.0,0.0,0
1560345100,69.1,170.0,23.9,0.0,0.0,0.0,0.0,0.0,0.0,0
1560393804,67.5,170.0,23.3,0.0,0.0,0.0,0.0,0.0,0.0,0
1560428572,67.5,170.0,23.3,0.0,0.0,0.0,0.0,0.0,0.0,0
1560473353,67.8,170.0,23.4,0.0,0.0,0.0,0.0,0.0,0.0,0
1560698267,67.8,170.0,23.4,0.0,0.0,0.0,0.0,0.0,0.0,0
1560725216,68.0,170.0,23.5,0.0,0.0,0.0,0.0,0.0,0.0,0
1560818071,68.5,170.0,23.7,0.0,0.0,0.0,0.0,0.0,0.0,0
1560899450,67.6,170.0,23.3,0.0,0.0,0.0,0.0,0.0,0.0,0
1560957238,68.1,170.0,23.5,0.0,0.0,0.0,0.0,0.0,0.0,0
1560990511,68.0,170.0,23.5,0.0,0.0,0.0,0.0,0.0,0.0,0
1561079178,67.8,170.0,23.4,0.0,0.0,0.0,0.0,0.0,0.0,0
1561416169,68.7,170.0,23.7,0.0,0.0,0.0,0.0,0.0,0.0,0
1561482396,69.0,170.0,23.8,0.0,0.0,0.0,0.0,0.0,0.0,0
1561504229,68.3,170.0,23.6,0.0,0.0,0.0,0.0,0.0,0.0,0
1561655296,69.5,170.0,24.0,0.0,0.0,0.0,0.0,0.0,0.0,0
1561677077,69.1,170.0,23.9,0.0,0.0,0.0,0.0,0.0,0.0,0
1561894548,68.9,170.0,23.8,0.0,0.0,0.0,0.0,0.0,0.0,0
1561937357,69.0,170.0,23.8,0.0,0.0,0.0,0.0,0.0,0.0,0
1562021351,69.0,170.0,23.8,0.0,0.0,0.0,0.0,0.0,0.0,0
1562240513,69.0,170.0,23.8,0.0,0.0,0.0,0.0,0.0,0.0,0
1562289697,69.7,170.0,24.1,0.0,0.0,0.0,0.0,0.0,0.0,0
1562500141,69.4,170.0,24.0,0.0,0.0,0.0,0.0,0.0,0.0,0
1562626962,69.5,170.0,24.0,0.0,0.0,0.0,0.0,0.0,0.0,0
1562633045,69.5,170.0,24.0,0.0,0.0,0.0,0.0,0.0,0.0,0
1562719621,68.8,170.0,23.8,0.0,0.0,0.0,0.0,0.0,0.0,0
1562763365,69.3,170.0,23.9,0.0,0.0,0.0,0.0,0.0,0.0,0
1563113061,70.8,170.0,24.4,0.0,0.0,0.0,0.0,0.0,0.0,0
1563234567,70.5,170.0,24.3,0.0,0.0,0.0,0.0,0.0,0.0,0
1563295431,70.8,170.0,24.4,0.0,0.0,0.0,0.0,0.0,0.0,0
1563382467,70.8,170.0,24.4,0.0,0.0,0.0,0.0,0.0,0.0,0
1563470442,71.6,170.0,24.7,0.0,0.0,0.0,0.0,0.0,0.0,0
1563728964,71.7,170.0,24.8,0.0,0.0,0.0,0.0,0.0,0.0,0
1563755229,71.5,170.0,24.7,0.0,0.0,0.0,0.0,0.0,0.0,0
1563761102,71.2,170.0,24.6,0.0,0.0,0.0,0.0,0.0,0.0,0
1563811196,71.3,170.0,24.6,0.0,0.0,0.0,0.0,0.0,0.0,0
1563837874,71.8,170.0,24.8,0.0,0.0,0.0,0.0,0.0,0.0,0
1563961741,70.9,170.0,24.5,0.0,0.0,0.0,0.0,0.0,0.0,0
1563980999,71.5,170.0,24.7,0.0,0.0,0.0,0.0,0.0,0.0,0
1564068470,71.5,170.0,24.7,0.0,0.0,0.0,0.0,0.0,0.0,0
1564319398,71.1,170.0,24.6,0.0,0.0,0.0,0.0,0.0,0.0,0
1564355817,71.0,170.0,24.5,0.0,0.0,0.0,0.0,0.0,0.0,0
1564420018,71.2,170.0,24.6,0.0,0.0,0.0,0.0,0.0,0.0,0
1564441682,71.2,170.0,24.6,0.0,0.0,0.0,0.0,0.0,0.0,0
1564728278,72.7,170.0,25.1,0.0,0.0,0.0,0.0,0.0,0.0,0
1565023172,71.9,170.0,24.8,0.0,0.0,0.0,0.0,0.0,0.0,0
1565110548,71.9,170.0,24.8,0.0,0.0,0.0,0.0,0.0,0.0,0
1565950386,71.8,170.0,24.8,0.0,0.0,0.0,0.0,0.0,0.0,0
1566000105,72.1,170.0,24.9,0.0,0.0,0.0,0.0,0.0,0.0,0
1566258340,72.2,170.0,24.9,0.0,0.0,0.0,0.0,0.0,0.0,0
1566511369,70.9,170.0,24.5,0.0,0.0,0.0,0.0,0.0,0.0,0
1566744844,70.7,170.0,24.4,0.0,0.0,0.0,0.0,0.0,0.0,0
1566922211,70.6,170.0,24.4,0.0,0.0,0.0,0.0,0.0,0.0,0
1567116638,70.8,170.0,24.4,0.0,0.0,0.0,0.0,0.0,0.0,0
1567347746,69.7,170.0,24.1,0.0,0.0,0.0,0.0,0.0,0.0,0
1567600757,69.9,170.0,24.1,0.0,0.0,0.0,0.0,0.0,0.0,0
1568072796,70.6,170.0,24.4,0.0,0.0,0.0,0.0,0.0,0.0,0
1568162661,70.4,170.0,24.3,0.0,0.0,0.0,0.0,0.0,0.0,0
1568937299,71.9,170.0,24.8,0.0,0.0,0.0,0.0,0.0,0.0,0
1569068538,71.2,170.0,24.6,0.0,0.0,0.0,0.0,0.0,0.0,0
1569157809,71.2,170.0,24.6,0.0,0.0,0.0,0.0,0.0,0.0,0
1569286358,71.5,170.0,24.7,0.0,0.0,0.0,0.0,0.0,0.0,0
1569329186,71.2,170.0,24.6,0.0,0.0,0.0,0.0,0.0,0.0,0
1569373683,70.7,170.0,24.4,0.0,0.0,0.0,0.0,0.0,0.0,0
1569424775,71.5,170.0,24.7,0.0,0.0,0.0,0.0,0.0,0.0,0
1569460628,70.9,170.0,24.5,0.0,0.0,0.0,0.0,0.0,0.0,0
1569546909,70.9,170.0,24.5,0.0,0.0,0.0,0.0,0.0,0.0,0
1569783401,72.4,170.0,25.0,0.0,0.0,0.0,0.0,0.0,0.0,0
1570061404,71.2,170.0,24.6,0.0,0.0,0.0,0.0,0.0,0.0,0
1570146607,71.2,170.0,24.6,0.0,0.0,0.0,0.0,0.0,0.0,0
1570377850,72.2,170.0,24.9,0.0,0.0,0.0,0.0,0.0,0.0,0
1570405435,71.6,170.0,24.7,0.0,0.0,0.0,0.0,0.0,0.0,0
1570490538,72.0,170.0,24.9,0.0,0.0,0.0,0.0,0.0,0.0,0
1570495767,71.5,170.0,24.7,0.0,0.0,0.0,0.0,0.0,0.0,0
1570633591,71.7,170.0,24.8,0.0,0.0,0.0,0.0,0.0,0.0,0
1570667224,72.3,170.0,25.0,0.0,0.0,0.0,0.0,0.0,0.0,0
1571018674,71.8,170.0,24.8,0.0,0.0,0.0,0.0,0.0,0.0,0
1571330916,72.6,170.0,25.1,0.0,0.0,0.0,0.0,0.0,0.0,0
1572304519,73.0,170.0,25.2,0.0,0.0,0.0,0.0,0.0,0.0,0
1572388987,73.1,170.0,25.2,0.0,0.0,0.0,0.0,0.0,0.0,0
1572626178,74.1,170.0,25.6,0.0,0.0,0.0,0.0,0.0,0.0,0
1573057026,73.4,170.0,25.3,0.0,0.0,0.0,0.0,0.0,0.0,0
1573663148,74.2,170.0,25.6,0.0,0.0,0.0,0.0,0.0,0.0,0
1574179232,74.6,170.0,25.8,0.0,0.0,0.0,0.0,0.0,0.0,0
1575204726,73.9,170.0,25.5,0.0,0.0,0.0,0.0,0.0,0.0,0
1575479480,73.6,170.0,25.4,0.0,0.0,0.0,0.0,0.0,0.0,0
1576775930,74.6,170.0,25.8,0.0,0.0,0.0,0.0,0.0,0.0,0
1577380261,75.0,170.0,25.9,0.0,0.0,0.0,0.0,0.0,0.0,0
1577471634,75.1,170.0,25.9,0.0,0.0,0.0,0.0,0.0,0.0,0
1577715436,75.9,170.0,26.2,0.0,0.0,0.0,0.0,0.0,0.0,0
1578588297,75.2,170.0,26.0,0.0,0.0,0.0,0.0,0.0,0.0,0
1579538785,76.4,170.0,26.4,0.0,0.0,0.0,0.0,0.0,0.0,0
1579780569,76.7,170.0,26.5,0.0,0.0,0.0,0.0,0.0,0.0,0
1581073160,75.7,170.0,26.1,0.0,0.0,0.0,0.0,0.0,0.0,0
1581096400,75.5,170.0,26.1,0.0,0.0,0.0,0.0,0.0,0.0,0
1581177245,75.7,170.0,26.1,0.0,0.0,0.0,0.0,0.0,0.0,0
1581425834,75.7,170.0,26.1,0.0,0.0,0.0,0.0,0.0,0.0,0
1581435570,75.7,170.0,26.1,0.0,0.0,0.0,0.0,0.0,0.0,0
1581561999,75.4,170.0,26.0,0.0,0.0,0.0,0.0,0.0,0.0,0
1581593182,75.2,170.0,26.0,0.0,0.0,0.0,0.0,0.0,0.0,0
1581651150,74.8,170.0,25.8,0.0,0.0,0.0,0.0,0.0,0.0,0
1581664323,74.1,170.0,25.6,0.0,0.0,0.0,0.0,0.0,0.0,0
1581763726,74.7,170.0,25.8,0.0,0.0,0.0,0.0,0.0,0.0,0
1583295960,76.4,170.0,26.4,0.0,0.0,0.0,0.0,0.0,0.0,0
1583336612,75.1,170.0,25.9,0.0,0.0,0.0,0.0,0.0,0.0,0
1583352201,75.3,170.0,26.0,0.0,0.0,0.0,0.0,0.0,0.0,0
1583401843,74.3,170.0,25.7,0.0,0.0,0.0,0.0,0.0,0.0,0
1583428764,74.9,170.0,25.9,0.0,0.0,0.0,0.0,0.0,0.0,0
1583489348,74.9,170.0,25.9,0.0,0.0,0.0,0.0,0.0,0.0,0
1583522434,74.7,170.0,25.8,0.0,0.0,0.0,0.0,0.0,0.0,0
1583549456,74.5,170.0,25.7,0.0,0.0,0.0,0.0,0.0,0.0,0
1583549559,74.5,170.0,25.7,0.0,0.0,0.0,0.0,0.0,0.0,0
1583554029,74.5,170.0,25.7,0.0,0.0,0.0,0.0,0.0,0.0,0
1583601424,74.6,170.0,25.8,0.0,0.0,0.0,0.0,0.0,0.0,0
1583604453,74.4,170.0,25.7,0.0,0.0,0.0,0.0,0.0,0.0,0
1583629974,74.4,170.0,25.7,0.0,0.0,0.0,0.0,0.0,0.0,0
1583633543,74.6,170.0,25.8,0.0,0.0,0.0,0.0,0.0,0.0,0
1583663366,73.8,170.0,25.5,0.0,0.0,0.0,0.0,0.0,0.0,0
1583671669,74.1,170.0,25.6,0.0,0.0,0.0,0.0,0.0,0.0,0
1583685027,74.1,170.0,25.6,0.0,0.0,0.0,0.0,0.0,0.0,0
1583706385,74.4,170.0,25.7,0.0,0.0,0.0,0.0,0.0,0.0,0
1583706574,74.0,170.0,25.6,0.0,0.0,0.0,0.0,0.0,0.0,0
1583723420,74.4,170.0,25.7,0.0,0.0,0.0,0.0,0.0,0.0,0
1583723895,73.9,170.0,25.5,0.0,0.0,0.0,0.0,0.0,0.0,0
1583766794,74.0,170.0,25.6,0.0,0.0,0.0,0.0,0.0,0.0,0
1583775668,73.8,170.0,25.5,0.0,0.0,0.0,0.0,0.0,0.0,0
1583794463,74.6,170.0,25.8,0.0,0.0,0.0,0.0,0.0,0.0,0
1583794764,74.4,170.0,25.7,0.0,0.0,0.0,0.0,0.0,0.0,0
1583823392,74.2,170.0,25.6,0.0,0.0,0.0,0.0,0.0,0.0,0
1583850466,74.2,170.0,25.6,0.0,0.0,0.0,0.0,0.0,0.0,0
1583859710,74.0,170.0,25.6,0.0,0.0,0.0,0.0,0.0,0.0,0
1583900964,73.5,170.0,25.4,0.0,0.0,0.0,0.0,0.0,0.0,0
1583918107,73.8,170.0,25.5,0.0,0.0,0.0,0.0,0.0,0.0,0
1583936773,74.2,170.0,25.6,0.0,0.0,0.0,0.0,0.0,0.0,0
1583943600,73.9,170.0,25.5,0.0,0.0,0.0,0.0,0.0,0.0,0
1583950659,73.9,170.0,25.5,0.0,0.0,0.0,0.0,0.0,0.0,0
1583984556,74.3,170.0,25.7,0.0,0.0,0.0,0.0,0.0,0.0,0
1583984681,74.2,170.0,25.6,0.0,0.0,0.0,0.0,0.0,0.0,0
1584002431,73.6,170.0,25.4,0.0,0.0,0.0,0.0,0.0,0.0,0
1584008193,73.5,170.0,25.4,0.0,0.0,0.0,0.0,0.0,0.0,0
1584033108,73.9,170.0,25.5,0.0,0.0,0.0,0.0,0.0,0.0,0
1584073672,73.5,170.0,25.4,0.0,0.0,0.0,0.0,0.0,0.0,0
1584073831,73.3,170.0,25.3,0.0,0.0,0.0,0.0,0.0,0.0,0
1584090084,72.9,170.0,25.2,0.0,0.0,0.0,0.0,0.0,0.0,0
1584111839,73.4,170.0,25.3,0.0,0.0,0.0,0.0,0.0,0.0,0
1584147962,73.4,170.0,25.3,0.0,0.0,0.0,0.0,0.0,0.0,0
1584157096,73.2,170.0,25.3,0.0,0.0,0.0,0.0,0.0,0.0,0
1584204984,73.6,170.0,25.4,0.0,0.0,0.0,0.0,0.0,0.0,0
1584222672,73.8,170.0,25.5,0.0,0.0,0.0,0.0,0.0,0.0,0
1584295854,73.7,170.0,25.5,0.0,0.0,0.0,0.0,0.0,0.0,0
1584331323,73.8,170.0,25.5,0.0,0.0,0.0,0.0,0.0,0.0,0
1584331556,73.7,170.0,25.5,0.0,0.0,0.0,0.0,0.0,0.0,0
1584379492,73.7,170.0,25.5,0.0,0.0,0.0,0.0,0.0,0.0,0
1584407845,74.2,170.0,25.6,0.0,0.0,0.0,0.0,0.0,0.0,0
1584466305,74.2,170.0,25.6,0.0,0.0,0.0,0.0,0.0,0.0,0
1584629251,73.2,170.0,25.3,0.0,0.0,0.0,0.0,0.0,0.0,0
1584669215,73.1,170.0,25.2,0.0,0.0,0.0,0.0,0.0,0.0,0
1584682012,72.9,170.0,25.2,0.0,0.0,0.0,0.0,0.0,0.0,0
1584712584,73.0,170.0,25.2,0.0,0.0,0.0,0.0,0.0,0.0,0
1584760825,73.3,170.0,25.3,0.0,0.0,0.0,0.0,0.0,0.0,0
1584761018,72.9,170.0,25.2,0.0,0.0,0.0,0.0,0.0,0.0,0
1584886265,74.1,170.0,25.6,0.0,0.0,0.0,0.0,0.0,0.0,0
1584954733,73.6,170.0,25.4,0.0,0.0,0.0,0.0,0.0,0.0,0
1584970540,73.7,170.0,25.5,0.0,0.0,0.0,0.0,0.0,0.0,0
1585022293,73.9,170.0,25.5,0.0,0.0,0.0,0.0,0.0,0.0,0
1585059394,74.0,170.0,25.6,0.0,0.0,0.0,0.0,0.0,0.0,0
1585109272,73.9,170.0,25.5,0.0,0.0,0.0,0.0,0.0,0.0,0
1585159340,74.9,170.0,25.9,0.0,0.0,0.0,0.0,0.0,0.0,0
1585205279,74.4,170.0,25.7,0.0,0.0,0.0,0.0,0.0,0.0,0
1585236833,74.0,170.0,25.6,0.0,0.0,0.0,0.0,0.0,0.0,0
1585288991,73.9,170.0,25.5,0.0,0.0,0.0,0.0,0.0,0.0,0
1585318225,73.9,170.0,25.5,0.0,0.0,0.0,0.0,0.0,0.0,0
1585502931,75.2,170.0,26.0,0.0,0.0,0.0,0.0,0.0,0.0,0
1585580137,74.1,170.0,25.6,0.0,0.0,0.0,0.0,0.0,0.0,0
1585619212,74.5,170.0,25.7,0.0,0.0,0.0,0.0,0.0,0.0,0
1585663630,73.6,170.0,25.4,0.0,0.0,0.0,0.0,0.0,0.0,0
1585711853,73.9,170.0,25.5,0.0,0.0,0.0,0.0,0.0,0.0,0
1585747311,73.9,170.0,25.5,0.0,0.0,0.0,0.0,0.0,0.0,0
1585802868,73.9,170.0,25.5,0.0,0.0,0.0,0.0,0.0,0.0,0
1585833719,73.4,170.0,25.3,0.0,0.0,0.0,0.0,0.0,0.0,0
1585869469,73.8,170.0,25.5,0.0,0.0,0.0,0.0,0.0,0.0,0
1585925474,73.9,170.0,25.5,0.0,0.0,0.0,0.0,0.0,0.0,0
1585962253,73.9,170.0,25.5,0.0,0.0,0.0,0.0,0.0,0.0,0
1586188161,75.7,170.0,26.1,0.0,0.0,0.0,0.0,0.0,0.0,0
1586283201,74.3,170.0,25.7,0.0,0.0,0.0,0.0,0.0,0.0,0
1586388522,74.3,170.0,25.7,0.0,0.0,0.0,0.0,0.0,0.0,0
1586437425,74.0,170.0,25.6,0.0,0.0,0.0,0.0,0.0,0.0,0
1586527881,74.1,170.0,25.6,0.0,0.0,0.0,0.0,0.0,0.0,0
1586784436,73.9,170.0,25.5,0.0,0.0,0.0,0.0,0.0,0.0,0
1586874686,73.9,170.0,25.5,0.0,0.0,0.0,0.0,0.0,0.0,0
1586957153,74.2,170.0,25.6,0.0,0.0,0.0,0.0,0.0,0.0,0
1587390957,74.1,170.0,25.6,0.0,0.0,0.0,0.0,0.0,0.0,0
1587657447,73.1,170.0,25.2,0.0,0.0,0.0,0.0,0.0,0.0,0
1587752112,73.3,170.0,25.3,0.0,0.0,0.0,0.0,0.0,0.0,0
1587902010,74.4,170.0,25.7,0.0,0.0,0.0,0.0,0.0,0.0,0
1587995808,73.9,170.0,25.5,0.0,0.0,0.0,0.0,0.0,0.0,0
1588086012,73.9,170.0,25.5,0.0,0.0,0.0,0.0,0.0,0.0,0
1588175228,73.7,170.0,25.5,0.0,0.0,0.0,0.0,0.0,0.0,0
1588252305,74.3,170.0,25.7,0.0,0.0,0.0,0.0,0.0,0.0,0
1588503750,74.0,170.0,25.6,0.0,0.0,0.0,0.0,0.0,0.0,0
1588543429,74.3,170.0,25.7,0.0,0.0,0.0,0.0,0.0,0.0,0
1588543518,74.1,170.0,25.6,0.0,0.0,0.0,0.0,0.0,0.0,0
1588548948,74.0,170.0,25.6,0.0,0.0,0.0,0.0,0.0,0.0,0
1588586517,73.7,170.0,25.5,0.0,0.0,0.0,0.0,0.0,0.0,0
1588636880,74.4,170.0,25.7,0.0,0.0,0.0,0.0,0.0,0.0,0
1588687695,74.0,170.0,25.6,0.0,0.0,0.0,0.0,0.0,0.0,0
1588716652,74.0,170.0,25.6,0.0,0.0,0.0,0.0,0.0,0.0,0
1588760494,73.4,170.0,25.3,0.0,0.0,0.0,0.0,0.0,0.0,0
1588809132,74.1,170.0,25.6,0.0,0.0,0.0,0.0,0.0,0.0,0
1588861538,73.8,170.0,25.5,0.0,0.0,0.0,0.0,0.0,0.0,0
1588932601,73.0,170.0,25.2,0.0,0.0,0.0,0.0,0.0,0.0,0
1588989204,73.4,170.0,25.3,0.0,0.0,0.0,0.0,0.0,0.0,0
1588989463,73.1,170.0,25.2,0.0,0.0,0.0,0.0,0.0,0.0,0
1588996353,73.3,170.0,25.3,0.0,0.0,0.0,0.0,0.0,0.0,0
1589127944,74.3,170.0,25.7,0.0,0.0,0.0,0.0,0.0,0.0,0
1589155325,74.4,170.0,25.7,0.0,0.0,0.0,0.0,0.0,0.0,0
1589192315,73.9,170.0,25.5,0.0,0.0,0.0,0.0,0.0,0.0,0
1589202677,74.4,170.0,25.7,0.0,0.0,0.0,0.0,0.0,0.0,0
1589236552,73.5,170.0,25.4,0.0,0.0,0.0,0.0,0.0,0.0,0
1589241286,73.7,170.0,25.5,0.0,0.0,0.0,0.0,0.0,0.0,0
1589281252,72.8,170.0,25.1,0.0,0.0,0.0,0.0,0.0,0.0,0
1589290595,73.7,170.0,25.5,0.0,0.0,0.0,0.0,0.0,0.0,0
1589328455,73.7,170.0,25.5,0.0,0.0,0.0,0.0,0.0,0.0,0
1589328609,73.2,170.0,25.3,0.0,0.0,0.0,0.0,0.0,0.0,0
1589345064,72.6,170.0,25.1,0.0,0.0,0.0,0.0,0.0,0.0,0
1589376911,73.7,170.0,25.5,0.0,0.0,0.0,0.0,0.0,0.0,0
1589409066,73.7,170.0,25.5,0.0,0.0,0.0,0.0,0.0,0.0,0
1589414761,73.5,170.0,25.4,0.0,0.0,0.0,0.0,0.0,0.0,0
1589455334,73.3,170.0,25.3,0.0,0.0,0.0,0.0,0.0,0.0,0
1589469187,73.7,170.0,25.5,0.0,0.0,0.0,0.0,0.0,0.0,0
1589495653,73.7,170.0,25.5,0.0,0.0,0.0,0.0,0.0,0.0,0
1589495827,73.3,170.0,25.3,0.0,0.0,0.0,0.0,0.0,0.0,0
1589500680,73.6,170.0,25.4,0.0,0.0,0.0,0.0,0.0,0.0,0
1589712709,73.2,170.0,25.3,0.0,0.0,0.0,0.0,0.0,0.0,0
1589721469,73.5,170.0,25.4,0.0,0.0,0.0,0.0,0.0,0.0,0
1589754457,72.7,170.0,25.1,0.0,0.0,0.0,0.0,0.0,0.0,0
1589796113,72.9,170.0,25.2,0.0,0.0,0.0,0.0,0.0,0.0,0
1589806566,73.7,170.0,25.5,0.0,0.0,0.0,0.0,0.0,0.0,0
1589843731,73.2,170.0,25.3,0.0,0.0,0.0,0.0,0.0,0.0,0
1589886570,72.6,170.0,25.1,0.0,0.0,0.0,0.0,0.0,0.0,0
1589899764,72.9,170.0,25.2,0.0,0.0,0.0,0.0,0.0,0.0,0
1589937550,72.9,170.0,25.2,0.0,0.0,0.0,0.0,0.0,0.0,0
1589937919,72.7,170.0,25.1,0.0,0.0,0.0,0.0,0.0,0.0,0
1589981450,72.5,170.0,25.0,0.0,0.0,0.0,0.0,0.0,0.0,0
1589991210,73.0,170.0,25.2,0.0,0.0,0.0,0.0,0.0,0.0,0
1590014419,72.3,170.0,25.0,0.0,0.0,0.0,0.0,0.0,0.0,0
1590055867,71.9,170.0,24.8,0.0,0.0,0.0,0.0,0.0,0.0,0
1590069239,73.0,170.0,25.2,0.0,0.0,0.0,0.0,0.0,0.0,0
1590100474,73.1,170.0,25.2,0.0,0.0,0.0,0.0,0.0,0.0,0
1590143128,72.3,170.0,25.0,0.0,0.0,0.0,0.0,0.0,0.0,0
1590198014,73.0,170.0,25.2,0.0,0.0,0.0,0.0,0.0,0.0,0
1590198323,72.6,170.0,25.1,0.0,0.0,0.0,0.0,0.0,0.0,0
1590332887,74.0,170.0,25.6,0.0,0.0,0.0,0.0,0.0,0.0,0
1590358698,73.6,170.0,25.4,0.0,0.0,0.0,0.0,0.0,0.0,0
1590364340,74.0,170.0,25.6,0.0,0.0,0.0,0.0,0.0,0.0,0
1590400941,73.0,170.0,25.2,0.0,0.0,0.0,0.0,0.0,0.0,0
1590444567,73.9,170.0,25.5,0.0,0.0,0.0,0.0,0.0,0.0,0
1590444813,73.5,170.0,25.4,0.0,0.0,0.0,0.0,0.0,0.0,0
1590450485,73.6,170.0,25.4,0.0,0.0,0.0,0.0,0.0,0.0,0
1590498522,73.7,170.0,25.5,0.0,0.0,0.0,0.0,0.0,0.0,0
1590532399,73.9,170.0,25.5,0.0,0.0,0.0,0.0,0.0,0.0,0
1590573989,72.5,170.0,25.0,0.0,0.0,0.0,0.0,0.0,0.0,0
1590584991,73.1,170.0,25.2,0.0,0.0,0.0,0.0,0.0,0.0,0
1590591508,73.1,170.0,25.2,0.0,0.0,0.0,0.0,0.0,0.0,0
1590623377,73.2,170.0,25.3,0.0,0.0,0.0,0.0,0.0,0.0,0
1590623513,72.6,170.0,25.1,0.0,0.0,0.0,0.0,0.0,0.0,0
1590667342,73.0,170.0,25.2,0.0,0.0,0.0,0.0,0.0,0.0,0
1590667757,71.9,170.0,24.8,0.0,0.0,0.0,0.0,0.0,0.0,0
1590677213,72.1,170.0,24.9,0.0,0.0,0.0,0.0,0.0,0.0,0
1590704793,71.8,170.0,24.8,0.0,0.0,0.0,0.0,0.0,0.0,0
1590709988,72.1,170.0,24.9,0.0,0.0,0.0,0.0,0.0,0.0,0
1590751556,71.6,170.0,24.7,0.0,0.0,0.0,0.0,0.0,0.0,0
1590751587,71.5,170.0,24.7,0.0,0.0,0.0,0.0,0.0,0.0,0
1590796750,72.5,170.0,25.0,0.0,0.0,0.0,0.0,0.0,0.0,0
1590796893,72.0,170.0,24.9,0.0,0.0,0.0,0.0,0.0,0.0,0
1590810689,71.8,170.0,24.8,0.0,0.0,0.0,0.0,0.0,0.0,0
1590964143,73.1,170.0,25.2,0.0,0.0,0.0,0.0,0.0,0.0,0
1591005714,72.3,170.0,25.0,0.0,0.0,0.0,0.0,0.0,0.0,0
1591079709,72.0,170.0,24.9,0.0,0.0,0.0,0.0,0.0,0.0,0
1591135765,72.4,170.0,25.0,0.0,0.0,0.0,0.0,0.0,0.0,0
1591142628,72.4,170.0,25.0,0.0,0.0,0.0,0.0,0.0,0.0,0
1591178136,72.0,170.0,24.9,0.0,0.0,0.0,0.0,0.0,0.0,0
1591223365,72.6,170.0,25.1,0.0,0.0,0.0,0.0,0.0,0.0,0
1591288218,72.9,170.0,25.2,0.0,0.0,0.0,0.0,0.0,0.0,0
1591401193,72.6,170.0,25.1,0.0,0.0,0.0,0.0,0.0,0.0,0
1591414016,71.5,170.0,24.7,0.0,0.0,0.0,0.0,0.0,0.0,0
1591456937,72.0,170.0,24.9,0.0,0.0,0.0,0.0,0.0,0.0,0
1591488693,72.5,170.0,25.0,0.0,0.0,0.0,0.0,0.0,0.0,0
1591536955,72.9,170.0,25.2,0.0,0.0,0.0,0.0,0.0,0.0,0
1591574110,73.4,170.0,25.3,0.0,0.0,0.0,0.0,0.0,0.0,0
1591661663,72.8,170.0,25.1,0.0,0.0,0.0,0.0,0.0,0.0,0
1591661849,73.2,170.0,25.3,0.0,0.0,0.0,0.0,0.0,0.0,0
1591786125,71.3,170.0,24.6,0.0,0.0,0.0,0.0,0.0,0.0,0
1591833299,72.1,170.0,24.9,0.0,0.0,0.0,0.0,0.0,0.0,0
1591873911,70.8,170.0,24.4,0.0,0.0,0.0,0.0,0.0,0.0,0
1591884549,72.1,170.0,24.9,0.0,0.0,0.0,0.0,0.0,0.0,0
1591914831,72.1,170.0,24.9,0.0,0.0,0.0,0.0,0.0,0.0,0
1591919778,72.2,170.0,24.9,0.0,0.0,0.0,0.0,0.0,0.0,0
1591962019,71.9,170.0,24.8,0.0,0.0,0.0,0.0,0.0,0.0,0
1592006360,72.0,170.0,24.9,0.0,0.0,0.0,0.0,0.0,0.0,0
1592006450,71.6,170.0,24.7,0.0,0.0,0.0,0.0,0.0,0.0,0
1592006654,71.6,170.0,24.7,0.0,0.0,0.0,0.0,0.0,0.0,0
1592146584,71.6,170.0,24.7,0.0,0.0,0.0,0.0,0.0,0.0,0
1592175437,72.0,170.0,24.9,0.0,0.0,0.0,0.0,0.0,0.0,0
1592218126,71.6,170.0,24.7,0.0,0.0,0.0,0.0,0.0,0.0,0
1592231389,71.6,170.0,24.7,0.0,0.0,0.0,0.0,0.0,0.0,0
1592257185,72.0,170.0,24.9,0.0,0.0,0.0,0.0,0.0,0.0,0
1592257319,71.5,170.0,24.7,0.0,0.0,0.0,0.0,0.0,0.0,0
1592265636,72.0,170.0,24.9,0.0,0.0,0.0,0.0,0.0,0.0,0
1592304864,71.2,170.0,24.6,0.0,0.0,0.0,0.0,0.0,0.0,0
1592314849,71.6,170.0,24.7,0.0,0.0,0.0,0.0,0.0,0.0,0
1592348069,71.2,170.0,24.6,0.0,0.0,0.0,0.0,0.0,0.0,0
1592348151,70.9,170.0,24.5,0.0,0.0,0.0,0.0,0.0,0.0,0
1592348301,70.7,170.0,24.4,0.0,0.0,0.0,0.0,0.0,0.0,0
1592348395,70.8,170.0,24.4,0.0,0.0,0.0,0.0,0.0,0.0,0
1592348599,71.2,170.0,24.6,0.0,0.0,0.0,0.0,0.0,0.0,0
1592363667,70.8,170.0,24.4,0.0,0.0,0.0,0.0,0.0,0.0,0
1592379786,70.4,170.0,24.3,0.0,0.0,0.0,0.0,0.0,0.0,0
1592380815,70.2,170.0,24.2,0.0,0.0,0.0,0.0,0.0,0.0,0
1592388737,69.9,170.0,24.1,0.0,0.0,0.0,0.0,0.0,0.0,0
1592388886,69.9,170.0,24.1,0.0,0.0,0.0,0.0,0.0,0.0,0
1592390050,70.2,170.0,24.2,0.0,0.0,0.0,0.0,0.0,0.0,0
1592396762,70.4,170.0,24.3,0.0,0.0,0.0,0.0,0.0,0.0,0
1592433308,70.6,170.0,24.4,0.0,0.0,0.0,0.0,0.0,0.0,0
1592433557,70.4,170.0,24.3,0.0,0.0,0.0,0.0,0.0,0.0,0
1592438814,71.1,170.0,24.6,0.0,0.0,0.0,0.0,0.0,0.0,0
1592477316,70.6,170.0,24.4,0.0,0.0,0.0,0.0,0.0,0.0,0
1592478982,71.5,170.0,24.7,0.0,0.0,0.0,0.0,0.0,0.0,0
1592479308,70.3,170.0,24.3,0.0,0.0,0.0,0.0,0.0,0.0,0
1592518900,70.6,170.0,24.4,0.0,0.0,0.0,0.0,0.0,0.0,0
1592519024,70.4,170.0,24.3,0.0,0.0,0.0,0.0,0.0,0.0,0
1592524830,70.9,170.0,24.5,0.0,0.0,0.0,0.0,0.0,0.0,0
1592560289,70.5,170.0,24.3,0.0,0.0,0.0,0.0,0.0,0.0,0
1592560618,70.4,170.0,24.3,0.0,0.0,0.0,0.0,0.0,0.0,0
1592563214,71.0,170.0,24.5,0.0,0.0,0.0,0.0,0.0,0.0,0
1592616112,70.5,170.0,24.3,0.0,0.0,0.0,0.0,0.0,0.0,0
1592616250,70.2,170.0,24.2,0.0,0.0,0.0,0.0,0.0,0.0,0
1592628077,70.0,170.0,24.2,0.0,0.0,0.0,0.0,0.0,0.0,0
1592641239,69.7,170.0,24.1,0.0,0.0,0.0,0.0,0.0,0.0,0
1592649274,69.3,170.0,23.9,0.0,0.0,0.0,0.0,0.0,0.0,0
1592650336,69.5,170.0,24.0,0.0,0.0,0.0,0.0,0.0,0.0,0
1592650662,69.0,170.0,23.8,0.0,0.0,0.0,0.0,0.0,0.0,0
1592650761,68.9,170.0,23.8,0.0,0.0,0.0,0.0,0.0,0.0,0
1592655489,69.7,170.0,24.1,0.0,0.0,0.0,0.0,0.0,0.0,0
1592658109,69.4,170.0,24.0,0.0,0.0,0.0,0.0,0.0,0.0,0
1592695926,69.9,170.0,24.1,0.0,0.0,0.0,0.0,0.0,0.0,0
1592696025,69.6,170.0,24.0,0.0,0.0,0.0,0.0,0.0,0.0,0
1592696164,69.6,170.0,24.0,0.0,0.0,0.0,0.0,0.0,0.0,0
1592704565,69.6,170.0,24.0,0.0,0.0,0.0,0.0,0.0,0.0,0
1592750646,70.2,170.0,24.2,0.0,0.0,0.0,0.0,0.0,0.0,0
1592757352,70.0,170.0,24.2,0.0,0.0,0.0,0.0,0.0,0.0,0
1592778015,70.0,170.0,24.2,0.0,0.0,0.0,0.0,0.0,0.0,0
1592778151,70.0,170.0,24.2,0.0,0.0,0.0,0.0,0.0,0.0,0
1592778252,69.7,170.0,24.1,0.0,0.0,0.0,0.0,0.0,0.0,0
1592784072,70.2,170.0,24.2,0.0,0.0,0.0,0.0,0.0,0.0,0
1592832333,70.0,170.0,24.2,0.0,0.0,0.0,0.0,0.0,0.0,0
1592841339,69.8,170.0,24.1,0.0,0.0,0.0,0.0,0.0,0.0,0
1592865309,69.4,170.0,24.0,0.0,0.0,0.0,0.0,0.0,0.0,0
1592865496,69.4,170.0,24.0,0.0,0.0,0.0,0.0,0.0,0.0,0
1592869912,70.0,170.0,24.2,0.0,0.0,0.0,0.0,0.0,0.0,0
1592906160,69.6,170.0,24.0,0.0,0.0,0.0,0.0,0.0,0.0,0
1592908043,69.6,170.0,24.0,0.0,0.0,0.0,0.0,0.0,0.0,0
1592908808,69.0,170.0,23.8,0.0,0.0,0.0,0.0,0.0,0.0,0
1592913691,69.3,170.0,23.9,0.0,0.0,0.0,0.0,0.0,0.0,0
1592950159,69.3,170.0,23.9,0.0,0.0,0.0,0.0,0.0,0.0,0
1592950275,69.1,170.0,23.9,0.0,0.0,0.0,0.0,0.0,0.0,0
1592956598,69.6,170.0,24.0,0.0,0.0,0.0,0.0,0.0,0.0,0
1592996655,69.4,170.0,24.0,0.0,0.0,0.0,0.0,0.0,0.0,0
1593003225,69.8,170.0,24.1,0.0,0.0,0.0,0.0,0.0,0.0,0
1593052184,69.2,170.0,23.9,0.0,0.0,0.0,0.0,0.0,0.0,0
1593064302,69.2,170.0,23.9,0.0,0.0,0.0,0.0,0.0,0.0,0
1593335456,69.3,170.0,23.9,0.0,0.0,0.0,0.0,0.0,0.0,0
1593356455,69.5,170.0,24.0,0.0,0.0,0.0,0.0,0.0,0.0,0
1593356720,68.9,170.0,23.8,0.0,0.0,0.0,0.0,0.0,0.0,0
1593385079,69.1,170.0,23.9,0.0,0.0,0.0,0.0,0.0,0.0,0
1593385167,68.9,170.0,23.8,0.0,0.0,0.0,0.0,0.0,0.0,0
1593424845,69.7,170.0,24.1,0.0,0.0,0.0,0.0,0.0,0.0,0
1593470063,69.7,170.0,24.1,0.0,0.0,0.0,0.0,0.0,0.0,0
1593470163,69.4,170.0,24.0,0.0,0.0,0.0,0.0,0.0,0.0,0
1593515196,69.2,170.0,23.9,0.0,0.0,0.0,0.0,0.0,0.0,0
1593528632,70.0,170.0,24.2,0.0,0.0,0.0,0.0,0.0,0.0,0
1593558675,70.0,170.0,24.2,0.0,0.0,0.0,0.0,0.0,0.0,0
1593558769,69.7,170.0,24.1,0.0,0.0,0.0,0.0,0.0,0.0,0
1593601344,69.0,170.0,23.8,0.0,0.0,0.0,0.0,0.0,0.0,0
1593613850,69.6,170.0,24.0,0.0,0.0,0.0,0.0,0.0,0.0,0
1593644573,69.7,170.0,24.1,0.0,0.0,0.0,0.0,0.0,0.0,0
1593647872,70.1,170.0,24.2,0.0,0.0,0.0,0.0,0.0,0.0,0
1593688091,69.0,170.0,23.8,0.0,0.0,0.0,0.0,0.0,0.0,0
1593701398,70.0,170.0,24.2,0.0,0.0,0.0,0.0,0.0,0.0,0
1593703695,69.1,170.0,23.9,0.0,0.0,0.0,0.0,0.0,0.0,0
1593728750,69.1,170.0,23.9,0.0,0.0,0.0,0.0,0.0,0.0,0
1593728840,68.9,170.0,23.8,0.0,0.0,0.0,0.0,0.0,0.0,0
1593734410,69.3,170.0,23.9,0.0,0.0,0.0,0.0,0.0,0.0,0
1593770981,68.6,170.0,23.7,0.0,0.0,0.0,0.0,0.0,0.0,0
1593773994,68.9,170.0,23.8,0.0,0.0,0.0,0.0,0.0,0.0,0
1593779641,68.8,170.0,23.8,0.0,0.0,0.0,0.0,0.0,0.0,0
1593790502,69.2,170.0,23.9,0.0,0.0,0.0,0.0,0.0,0.0,0
1593791103,68.2,170.0,23.5,0.0,0.0,0.0,0.0,0.0,0.0,0
1593824509,67.9,170.0,23.4,0.0,0.0,0.0,0.0,0.0,0.0,0
1593824702,67.9,170.0,23.4,0.0,0.0,0.0,0.0,0.0,0.0,0
1593832626,68.0,170.0,23.5,0.0,0.0,0.0,0.0,0.0,0.0,0
1593945784,67.9,170.0,23.4,0.0,0.0,0.0,0.0,0.0,0.0,0
1593950958,68.0,170.0,23.5,0.0,0.0,0.0,0.0,0.0,0.0,0
1593959255,68.0,170.0,23.5,0.0,0.0,0.0,0.0,0.0,0.0,0
1593986010,67.9,170.0,23.4,0.0,0.0,0.0,0.0,0.0,0.0,0
1593993657,68.2,170.0,23.5,0.0,0.0,0.0,0.0,0.0,0.0,0
1594029457,68.0,170.0,23.5,0.0,0.0,0.0,0.0,0.0,0.0,0
1594032811,68.5,170.0,23.7,0.0,0.0,0.0,0.0,0.0,0.0,0
1594033074,67.9,170.0,23.4,0.0,0.0,0.0,0.0,0.0,0.0,0
1594041308,68.6,170.0,23.7,0.0,0.0,0.0,0.0,0.0,0.0,0
1594046239,68.4,170.0,23.6,0.0,0.0,0.0,0.0,0.0,0.0,0
1594074808,68.0,170.0,23.5,0.0,0.0,0.0,0.0,0.0,0.0,0
1594080376,68.5,170.0,23.7,0.0,0.0,0.0,0.0,0.0,0.0,0
1594119264,68.0,170.0,23.5,0.0,0.0,0.0,0.0,0.0,0.0,0
1594124025,67.7,170.0,23.4,0.0,0.0,0.0,0.0,0.0,0.0,0
1594128674,67.7,170.0,23.4,0.0,0.0,0.0,0.0,0.0,0.0,0
1594138682,68.2,170.0,23.5,0.0,0.0,0.0,0.0,0.0,0.0,0
1594144210,68.1,170.0,23.5,0.0,0.0,0.0,0.0,0.0,0.0,0
1594162295,67.7,170.0,23.4,0.0,0.0,0.0,0.0,0.0,0.0,0
1594202304,67.6,170.0,23.3,0.0,0.0,0.0,0.0,0.0,0.0,0
1594205023,68.0,170.0,23.5,0.0,0.0,0.0,0.0,0.0,0.0,0
1594205358,67.3,170.0,23.2,0.0,0.0,0.0,0.0,0.0,0.0,0
1594213673,67.6,170.0,23.3,0.0,0.0,0.0,0.0,0.0,0.0,0
1594218628,67.6,170.0,23.3,0.0,0.0,0.0,0.0,0.0,0.0,0
1594220528,67.6,170.0,23.3,0.0,0.0,0.0,0.0,0.0,0.0,0
1594246677,67.3,170.0,23.2,0.0,0.0,0.0,0.0,0.0,0.0,0
1594247025,67.2,170.0,23.2,0.0,0.0,0.0,0.0,0.0,0.0,0
1594275188,67.0,170.0,23.1,0.0,0.0,0.0,0.0,0.0,0.0,0
1594275379,67.0,170.0,23.1,0.0,0.0,0.0,0.0,0.0,0.0,0
1594288533,66.8,170.0,23.1,0.0,0.0,0.0,0.0,0.0,0.0,0
1594290801,67.2,170.0,23.2,0.0,0.0,0.0,0.0,0.0,0.0,0
1594291284,66.5,170.0,23.0,0.0,0.0,0.0,0.0,0.0,0.0,0
1594299922,67.2,170.0,23.2,0.0,0.0,0.0,0.0,0.0,0.0,0
1594331236,67.0,170.0,23.1,0.0,0.0,0.0,0.0,0.0,0.0,0
